{"type":"FeatureCollection","features":[{"type":"Feature","properties":{"line":"gyeongui","ref":"경의·중앙","name":"경의·중앙선: 용문 → 문산","color":"#77C4A3"},"geometry":{"type":"LineString","coordinates":[[127.594795,37.482047],[127.59327,37.481364],[127.591312,37.48048],[127.590683,37.480203],[127.590677,37.4802],[127.590546,37.480146],[127.590111,37.480029],[127.589613,37.47988]]}},{"type":"Feature","properties":{"line":"gyeongui","ref":"경의·중앙","name":"경의·중앙선: 용문 → 문산","color":"#77C4A3"},"geometry":{"type":"LineString","coordinates":[[127.589096,37.479686],[127.589613,37.47988]]}},{"type":"Feature","properties":{"line":"gyeongui","ref":"경의·중앙","name":"경의·중앙선: 용문 → 문산","color":"#77C4A3"},"geometry":{"type":"LineString","coordinates":[[127.589096,37.479686],[127.589049,37.479666]]}},{"type":"Feature","properties":{"line":"gyeongui","ref":"경의·중앙","name":"경의·중앙선: 용문 → 문산","color":"#77C4A3"},"geometry":{"type":"LineString","coordinates":[[127.589049,37.479666],[127.588979,37.479634],[127.583784,37.477285],[127.583611,37.477206]]}},{"type":"Feature","properties":{"line":"gyeongui","ref":"경의·중앙","name":"경의·중앙선: 용문 → 문산","color":"#77C4A3"},"geometry":{"type":"LineString","coordinates":[[127.583611,37.477206],[127.576259,37.473407]]}},{"type":"Feature","properties":{"line":"gyeongui","ref":"경의·중앙","name":"경의·중앙선: 용문 → 문산","color":"#77C4A3"},"geometry":{"type":"LineString","coordinates":[[127.576259,37.473407],[127.575732,37.473118]]}},{"type":"Feature","properties":{"line":"gyeongui","ref":"경의·중앙","name":"경의·중앙선: 용문 → 문산","color":"#77C4A3"},"geometry":{"type":"LineString","coordinates":[[127.575732,37.473118],[127.57435,37.472352]]}},{"type":"Feature","properties":{"line":"gyeongui","ref":"경의·중앙","name":"경의·중앙선: 용문 → 문산","color":"#77C4A3"},"geometry":{"type":"LineString","coordinates":[[127.57435,37.472352],[127.571212,37.470542],[127.570369,37.470126],[127.569641,37.469812],[127.568845,37.46949],[127.568634,37.469405]]}},{"type":"Feature","properties":{"line":"gyeongui","ref":"경의·중앙","name":"경의·중앙선: 용문 → 문산","color":"#77C4A3"},"geometry":{"type":"LineString","coordinates":[[127.568634,37.469405],[127.567969,37.4692]]}},{"type":"Feature","properties":{"line":"gyeongui","ref":"경의·중앙","name":"경의·중앙선: 용문 → 문산","color":"#77C4A3"},"geometry":{"type":"LineString","coordinates":[[127.567969,37.4692],[127.565289,37.468376],[127.56474,37.468239],[127.564197,37.468114],[127.563609,37.467996],[127.562985,37.467889],[127.562073,37.467736],[127.560759,37.467561],[127.559761,37.467455]]}},{"type":"Feature","properties":{"line":"gyeongui","ref":"경의·중앙","name":"경의·중앙선: 용문 → 문산","color":"#77C4A3"},"geometry":{"type":"LineString","coordinates":[[127.559761,37.467455],[127.558527,37.467412],[127.556958,37.467411],[127.555818,37.467418],[127.554763,37.467477],[127.553922,37.467563],[127.552703,37.467733],[127.551466,37.468013]]}},{"type":"Feature","properties":{"line":"gyeongui","ref":"경의·중앙","name":"경의·중앙선: 용문 → 문산","color":"#77C4A3"},"geometry":{"type":"LineString","coordinates":[[127.551466,37.468013],[127.549628,37.468307],[127.545454,37.468967],[127.544758,37.469077],[127.542478,37.469425],[127.540967,37.469713]]}},{"type":"Feature","properties":{"line":"gyeongui","ref":"경의·중앙","name":"경의·중앙선: 용문 → 문산","color":"#77C4A3"},"geometry":{"type":"LineString","coordinates":[[127.540967,37.469713],[127.540578,37.469777]]}},{"type":"Feature","properties":{"line":"gyeongui","ref":"경의·중앙","name":"경의·중앙선: 용문 → 문산","color":"#77C4A3"},"geometry":{"type":"LineString","coordinates":[[127.540578,37.469777],[127.539945,37.46978],[127.53802,37.470133],[127.536233,37.470653],[127.535095,37.471073]]}},{"type":"Feature","properties":{"line":"gyeongui","ref":"경의·중앙","name":"경의·중앙선: 용문 → 문산","color":"#77C4A3"},"geometry":{"type":"LineString","coordinates":[[127.535095,37.471073],[127.534486,37.471341],[127.533746,37.471693],[127.531953,37.472643],[127.530713,37.473363],[127.529801,37.474032],[127.529064,37.474687],[127.528736,37.47504]]}},{"type":"Feature","properties":{"line":"gyeongui","ref":"경의·중앙","name":"경의·중앙선: 용문 → 문산","color":"#77C4A3"},"geometry":{"type":"LineString","coordinates":[[127.528736,37.47504],[127.526628,37.477308]]}},{"type":"Feature","properties":{"line":"gyeongui","ref":"경의·중앙","name":"경의·중앙선: 용문 → 문산","color":"#77C4A3"},"geometry":{"type":"LineString","coordinates":[[127.526628,37.477308],[127.526178,37.477804]]}},{"type":"Feature","properties":{"line":"gyeongui","ref":"경의·중앙","name":"경의·중앙선: 용문 → 문산","color":"#77C4A3"},"geometry":{"type":"LineString","coordinates":[[127.526178,37.477804],[127.525424,37.478649]]}},{"type":"Feature","properties":{"line":"gyeongui","ref":"경의·중앙","name":"경의·중앙선: 용문 → 문산","color":"#77C4A3"},"geometry":{"type":"LineString","coordinates":[[127.525424,37.478649],[127.524794,37.479294],[127.524421,37.479628],[127.524042,37.479953],[127.523474,37.480344],[127.522945,37.480673],[127.52235,37.480986],[127.521795,37.481232],[127.521108,37.481506],[127.520515,37.481701],[127.519822,37.481893],[127.519128,37.482043],[127.518409,37.482184],[127.51768,37.482298]]}},{"type":"Feature","properties":{"line":"gyeongui","ref":"경의·중앙","name":"경의·중앙선: 용문 → 문산","color":"#77C4A3"},"geometry":{"type":"LineString","coordinates":[[127.51768,37.482298],[127.514524,37.482798]]}},{"type":"Feature","properties":{"line":"gyeongui","ref":"경의·중앙","name":"경의·중앙선: 용문 → 문산","color":"#77C4A3"},"geometry":{"type":"LineString","coordinates":[[127.514524,37.482798],[127.510466,37.483441]]}},{"type":"Feature","properties":{"line":"gyeongui","ref":"경의·중앙","name":"경의·중앙선: 용문 → 문산","color":"#77C4A3"},"geometry":{"type":"LineString","coordinates":[[127.510466,37.483441],[127.500862,37.484988]]}},{"type":"Feature","properties":{"line":"gyeongui","ref":"경의·중앙","name":"경의·중앙선: 용문 → 문산","color":"#77C4A3"},"geometry":{"type":"LineString","coordinates":[[127.500862,37.484988],[127.49995,37.48514],[127.499083,37.485397],[127.49857,37.485583],[127.497976,37.485867],[127.497477,37.486148],[127.497064,37.48647],[127.496425,37.487003],[127.495811,37.487713],[127.494471,37.489396]]}},{"type":"Feature","properties":{"line":"gyeongui","ref":"경의·중앙","name":"경의·중앙선: 용문 → 문산","color":"#77C4A3"},"geometry":{"type":"LineString","coordinates":[[127.492998,37.491223],[127.493296,37.490847],[127.493613,37.490457],[127.493852,37.490162],[127.494471,37.489396]]}},{"type":"Feature","properties":{"line":"gyeongui","ref":"경의·중앙","name":"경의·중앙선: 용문 → 문산","color":"#77C4A3"},"geometry":{"type":"LineString","coordinates":[[127.492687,37.491613],[127.492998,37.491223]]}},{"type":"Feature","properties":{"line":"gyeongui","ref":"경의·중앙","name":"경의·중앙선: 용문 → 문산","color":"#77C4A3"},"geometry":{"type":"LineString","coordinates":[[127.4895,37.495863],[127.489823,37.495397],[127.490405,37.494518],[127.491191,37.493554],[127.491267,37.493457],[127.492218,37.492245],[127.492687,37.491613]]}},{"type":"Feature","properties":{"line":"gyeongui","ref":"경의·중앙","name":"경의·중앙선: 용문 → 문산","color":"#77C4A3"},"geometry":{"type":"LineString","coordinates":[[127.4895,37.495863],[127.488928,37.496605],[127.488754,37.496832]]}},{"type":"Feature","properties":{"line":"gyeongui","ref":"경의·중앙","name":"경의·중앙선: 용문 → 문산","color":"#77C4A3"},"geometry":{"type":"LineString","coordinates":[[127.488754,37.496832],[127.488511,37.497133]]}},{"type":"Feature","properties":{"line":"gyeongui","ref":"경의·중앙","name":"경의·중앙선: 용문 → 문산","color":"#77C4A3"},"geometry":{"type":"LineString","coordinates":[[127.488511,37.497133],[127.487152,37.498851]]}},{"type":"Feature","properties":{"line":"gyeongui","ref":"경의·중앙","name":"경의·중앙선: 용문 → 문산","color":"#77C4A3"},"geometry":{"type":"LineString","coordinates":[[127.487152,37.498851],[127.486431,37.499518],[127.485687,37.500212],[127.484861,37.500915],[127.484026,37.501544]]}},{"type":"Feature","properties":{"line":"gyeongui","ref":"경의·중앙","name":"경의·중앙선: 용문 → 문산","color":"#77C4A3"},"geometry":{"type":"LineString","coordinates":[[127.484026,37.501544],[127.48396,37.501586],[127.483839,37.501665]]}},{"type":"Feature","properties":{"line":"gyeongui","ref":"경의·중앙","name":"경의·중앙선: 용문 → 문산","color":"#77C4A3"},"geometry":{"type":"LineString","coordinates":[[127.483839,37.501665],[127.483302,37.502002]]}},{"type":"Feature","properties":{"line":"gyeongui","ref":"경의·중앙","name":"경의·중앙선: 용문 → 문산","color":"#77C4A3"},"geometry":{"type":"LineString","coordinates":[[127.483302,37.502002],[127.482646,37.502411],[127.481882,37.502873],[127.481223,37.503249],[127.480451,37.503658],[127.479653,37.504045],[127.478625,37.504505],[127.477745,37.504871],[127.476732,37.505242],[127.475686,37.505628],[127.474945,37.505881]]}},{"type":"Feature","properties":{"line":"gyeongui","ref":"경의·중앙","name":"경의·중앙선: 용문 → 문산","color":"#77C4A3"},"geometry":{"type":"LineString","coordinates":[[127.474945,37.505881],[127.472669,37.506444],[127.472007,37.506608]]}},{"type":"Feature","properties":{"line":"gyeongui","ref":"경의·중앙","name":"경의·중앙선: 용문 → 문산","color":"#77C4A3"},"geometry":{"type":"LineString","coordinates":[[127.472007,37.506608],[127.468167,37.507554]]}},{"type":"Feature","properties":{"line":"gyeongui","ref":"경의·중앙","name":"경의·중앙선: 용문 → 문산","color":"#77C4A3"},"geometry":{"type":"LineString","coordinates":[[127.468167,37.507554],[127.466875,37.507878]]}},{"type":"Feature","properties":{"line":"gyeongui","ref":"경의·중앙","name":"경의·중앙선: 용문 → 문산","color":"#77C4A3"},"geometry":{"type":"LineString","coordinates":[[127.466875,37.507878],[127.464645,37.50844]]}},{"type":"Feature","properties":{"line":"gyeongui","ref":"경의·중앙","name":"경의·중앙선: 용문 → 문산","color":"#77C4A3"},"geometry":{"type":"LineString","coordinates":[[127.464645,37.50844],[127.464386,37.508504]]}},{"type":"Feature","properties":{"line":"gyeongui","ref":"경의·중앙","name":"경의·중앙선: 용문 → 문산","color":"#77C4A3"},"geometry":{"type":"LineString","coordinates":[[127.464386,37.508504],[127.4536,37.511233]]}},{"type":"Feature","properties":{"line":"gyeongui","ref":"경의·중앙","name":"경의·중앙선: 용문 → 문산","color":"#77C4A3"},"geometry":{"type":"LineString","coordinates":[[127.4536,37.511233],[127.453396,37.51128]]}},{"type":"Feature","properties":{"line":"gyeongui","ref":"경의·중앙","name":"경의·중앙선: 용문 → 문산","color":"#77C4A3"},"geometry":{"type":"LineString","coordinates":[[127.453396,37.51128],[127.44884,37.512495]]}},{"type":"Feature","properties":{"line":"gyeongui","ref":"경의·중앙","name":"경의·중앙선: 용문 → 문산","color":"#77C4A3"},"geometry":{"type":"LineString","coordinates":[[127.44884,37.512495],[127.448436,37.512603],[127.447823,37.51274],[127.447407,37.512845],[127.442149,37.51417],[127.441088,37.514437],[127.439861,37.514761],[127.438609,37.515045],[127.438491,37.515075],[127.436159,37.51566]]}},{"type":"Feature","properties":{"line":"gyeongui","ref":"경의·중앙","name":"경의·중앙선: 용문 → 문산","color":"#77C4A3"},"geometry":{"type":"LineString","coordinates":[[127.436159,37.51566],[127.434989,37.51594]]}},{"type":"Feature","properties":{"line":"gyeongui","ref":"경의·중앙","name":"경의·중앙선: 용문 → 문산","color":"#77C4A3"},"geometry":{"type":"LineString","coordinates":[[127.434989,37.51594],[127.429159,37.517455],[127.426735,37.517981],[127.424428,37.518391],[127.423194,37.518537],[127.422432,37.518627],[127.420477,37.518782],[127.418144,37.518884],[127.415992,37.51888],[127.414264,37.518818]]}},{"type":"Feature","properties":{"line":"gyeongui","ref":"경의·중앙","name":"경의·중앙선: 용문 → 문산","color":"#77C4A3"},"geometry":{"type":"LineString","coordinates":[[127.414264,37.518818],[127.413392,37.518763]]}},{"type":"Feature","properties":{"line":"gyeongui","ref":"경의·중앙","name":"경의·중앙선: 용문 → 문산","color":"#77C4A3"},"geometry":{"type":"LineString","coordinates":[[127.413392,37.518763],[127.413079,37.518732]]}},{"type":"Feature","properties":{"line":"gyeongui","ref":"경의·중앙","name":"경의·중앙선: 용문 → 문산","color":"#77C4A3"},"geometry":{"type":"LineString","coordinates":[[127.413079,37.518732],[127.412359,37.518669]]}},{"type":"Feature","properties":{"line":"gyeongui","ref":"경의·중앙","name":"경의·중앙선: 용문 → 문산","color":"#77C4A3"},"geometry":{"type":"LineString","coordinates":[[127.412359,37.518669],[127.411011,37.518515]]}},{"type":"Feature","properties":{"line":"gyeongui","ref":"경의·중앙","name":"경의·중앙선: 용문 → 문산","color":"#77C4A3"},"geometry":{"type":"LineString","coordinates":[[127.411011,37.518515],[127.410546,37.518456],[127.409596,37.518325],[127.408692,37.518164],[127.406747,37.517794],[127.403174,37.517017],[127.403019,37.516983],[127.40187,37.516706],[127.400395,37.516384],[127.398246,37.515907],[127.397445,37.51573],[127.395622,37.515332],[127.394214,37.515016],[127.394093,37.514989],[127.392963,37.514751],[127.391046,37.514353]]}},{"type":"Feature","properties":{"line":"gyeongui","ref":"경의·중앙","name":"경의·중앙선: 용문 → 문산","color":"#77C4A3"},"geometry":{"type":"LineString","coordinates":[[127.391046,37.514353],[127.390238,37.514198],[127.38964,37.514102],[127.388949,37.514039],[127.388398,37.51402],[127.387854,37.514035],[127.386927,37.51408],[127.385975,37.514208],[127.385168,37.514364],[127.384521,37.514545],[127.383718,37.514845]]}},{"type":"Feature","properties":{"line":"gyeongui","ref":"경의·중앙","name":"경의·중앙선: 용문 → 문산","color":"#77C4A3"},"geometry":{"type":"LineString","coordinates":[[127.383718,37.514845],[127.383445,37.514962]]}},{"type":"Feature","properties":{"line":"gyeongui","ref":"경의·중앙","name":"경의·중앙선: 용문 → 문산","color":"#77C4A3"},"geometry":{"type":"LineString","coordinates":[[127.383445,37.514962],[127.382203,37.515506]]}},{"type":"Feature","properties":{"line":"gyeongui","ref":"경의·중앙","name":"경의·중앙선: 용문 → 문산","color":"#77C4A3"},"geometry":{"type":"LineString","coordinates":[[127.382203,37.515506],[127.38174,37.515727]]}},{"type":"Feature","properties":{"line":"gyeongui","ref":"경의·중앙","name":"경의·중앙선: 용문 → 문산","color":"#77C4A3"},"geometry":{"type":"LineString","coordinates":[[127.38174,37.515727],[127.3813,37.515962],[127.380899,37.516213],[127.380469,37.516506],[127.380049,37.516828],[127.379666,37.517173],[127.379264,37.517614],[127.378817,37.518142]]}},{"type":"Feature","properties":{"line":"gyeongui","ref":"경의·중앙","name":"경의·중앙선: 용문 → 문산","color":"#77C4A3"},"geometry":{"type":"LineString","coordinates":[[127.378817,37.518142],[127.377978,37.519182],[127.376509,37.521145],[127.376101,37.521712]]}},{"type":"Feature","properties":{"line":"gyeongui","ref":"경의·중앙","name":"경의·중앙선: 용문 → 문산","color":"#77C4A3"},"geometry":{"type":"LineString","coordinates":[[127.376101,37.521712],[127.374513,37.523677]]}},{"type":"Feature","properties":{"line":"gyeongui","ref":"경의·중앙","name":"경의·중앙선: 용문 → 문산","color":"#77C4A3"},"geometry":{"type":"LineString","coordinates":[[127.374513,37.523677],[127.372462,37.52624],[127.372392,37.526328],[127.371569,37.527316],[127.371066,37.527936],[127.370875,37.52817]]}},{"type":"Feature","properties":{"line":"gyeongui","ref":"경의·중앙","name":"경의·중앙선: 용문 → 문산","color":"#77C4A3"},"geometry":{"type":"LineString","coordinates":[[127.370875,37.52817],[127.368985,37.530548]]}},{"type":"Feature","properties":{"line":"gyeongui","ref":"경의·중앙","name":"경의·중앙선: 용문 → 문산","color":"#77C4A3"},"geometry":{"type":"LineString","coordinates":[[127.368985,37.530548],[127.368788,37.530797]]}},{"type":"Feature","properties":{"line":"gyeongui","ref":"경의·중앙","name":"경의·중앙선: 용문 → 문산","color":"#77C4A3"},"geometry":{"type":"LineString","coordinates":[[127.368788,37.530797],[127.36842,37.531195],[127.368084,37.531579],[127.367701,37.53197],[127.367296,37.532351],[127.366759,37.532863]]}},{"type":"Feature","properties":{"line":"gyeongui","ref":"경의·중앙","name":"경의·중앙선: 용문 → 문산","color":"#77C4A3"},"geometry":{"type":"LineString","coordinates":[[127.366759,37.532863],[127.366308,37.533219]]}},{"type":"Feature","properties":{"line":"gyeongui","ref":"경의·중앙","name":"경의·중앙선: 용문 → 문산","color":"#77C4A3"},"geometry":{"type":"LineString","coordinates":[[127.366308,37.533219],[127.365302,37.533895],[127.364695,37.534263],[127.364443,37.534407],[127.363716,37.534788],[127.362896,37.535171],[127.362097,37.535485],[127.361066,37.53586],[127.360298,37.536101],[127.359354,37.536357],[127.354927,37.537543]]}},{"type":"Feature","properties":{"line":"gyeongui","ref":"경의·중앙","name":"경의·중앙선: 용문 → 문산","color":"#77C4A3"},"geometry":{"type":"LineString","coordinates":[[127.354927,37.537543],[127.354855,37.537563]]}},{"type":"Feature","properties":{"line":"gyeongui","ref":"경의·중앙","name":"경의·중앙선: 용문 → 문산","color":"#77C4A3"},"geometry":{"type":"LineString","coordinates":[[127.354855,37.537563],[127.353828,37.53786]]}},{"type":"Feature","properties":{"line":"gyeongui","ref":"경의·중앙","name":"경의·중앙선: 용문 → 문산","color":"#77C4A3"},"geometry":{"type":"LineString","coordinates":[[127.353828,37.53786],[127.353666,37.537904]]}},{"type":"Feature","properties":{"line":"gyeongui","ref":"경의·중앙","name":"경의·중앙선: 용문 → 문산","color":"#77C4A3"},"geometry":{"type":"LineString","coordinates":[[127.353666,37.537904],[127.336257,37.542617],[127.336043,37.542726]]}},{"type":"Feature","properties":{"line":"gyeongui","ref":"경의·중앙","name":"경의·중앙선: 용문 → 문산","color":"#77C4A3"},"geometry":{"type":"LineString","coordinates":[[127.336043,37.542726],[127.335634,37.542886],[127.335363,37.543003],[127.335039,37.543137],[127.334722,37.543292],[127.332759,37.544187]]}},{"type":"Feature","properties":{"line":"gyeongui","ref":"경의·중앙","name":"경의·중앙선: 용문 → 문산","color":"#77C4A3"},"geometry":{"type":"LineString","coordinates":[[127.332759,37.544187],[127.332028,37.54455],[127.33194,37.544593]]}},{"type":"Feature","properties":{"line":"gyeongui","ref":"경의·중앙","name":"경의·중앙선: 용문 → 문산","color":"#77C4A3"},"geometry":{"type":"LineString","coordinates":[[127.33194,37.544593],[127.331649,37.544746],[127.330014,37.545527],[127.328142,37.54641],[127.327932,37.546509],[127.324613,37.548068],[127.324563,37.548095]]}},{"type":"Feature","properties":{"line":"gyeongui","ref":"경의·중앙","name":"경의·중앙선: 용문 → 문산","color":"#77C4A3"},"geometry":{"type":"LineString","coordinates":[[127.324563,37.548095],[127.321914,37.549349]]}},{"type":"Feature","properties":{"line":"gyeongui","ref":"경의·중앙","name":"경의·중앙선: 용문 → 문산","color":"#77C4A3"},"geometry":{"type":"LineString","coordinates":[[127.321914,37.549349],[127.320298,37.550114]]}},{"type":"Feature","properties":{"line":"gyeongui","ref":"경의·중앙","name":"경의·중앙선: 용문 → 문산","color":"#77C4A3"},"geometry":{"type":"LineString","coordinates":[[127.320298,37.550114],[127.312721,37.553497]]}},{"type":"Feature","properties":{"line":"gyeongui","ref":"경의·중앙","name":"경의·중앙선: 용문 → 문산","color":"#77C4A3"},"geometry":{"type":"LineString","coordinates":[[127.312721,37.553497],[127.310918,37.554306],[127.309496,37.554936],[127.308969,37.555176],[127.308834,37.555237],[127.306988,37.556058],[127.306559,37.556251]]}},{"type":"Feature","properties":{"line":"gyeongui","ref":"경의·중앙","name":"경의·중앙선: 용문 → 문산","color":"#77C4A3"},"geometry":{"type":"LineString","coordinates":[[127.306559,37.556251],[127.305982,37.556496]]}},{"type":"Feature","properties":{"line":"gyeongui","ref":"경의·중앙","name":"경의·중앙선: 용문 → 문산","color":"#77C4A3"},"geometry":{"type":"LineString","coordinates":[[127.305982,37.556496],[127.304873,37.557004],[127.304264,37.557256]]}},{"type":"Feature","properties":{"line":"gyeongui","ref":"경의·중앙","name":"경의·중앙선: 용문 → 문산","color":"#77C4A3"},"geometry":{"type":"LineString","coordinates":[[127.304264,37.557256],[127.303949,37.557366]]}},{"type":"Feature","properties":{"line":"gyeongui","ref":"경의·중앙","name":"경의·중앙선: 용문 → 문산","color":"#77C4A3"},"geometry":{"type":"LineString","coordinates":[[127.303949,37.557366],[127.303422,37.55755],[127.303132,37.557637],[127.302514,37.557795],[127.301822,37.557922],[127.301433,37.557992],[127.301001,37.558059]]}},{"type":"Feature","properties":{"line":"gyeongui","ref":"경의·중앙","name":"경의·중앙선: 용문 → 문산","color":"#77C4A3"},"geometry":{"type":"LineString","coordinates":[[127.301001,37.558059],[127.300401,37.55811],[127.299837,37.558137],[127.29933,37.558142],[127.298158,37.558056]]}},{"type":"Feature","properties":{"line":"gyeongui","ref":"경의·중앙","name":"경의·중앙선: 용문 → 문산","color":"#77C4A3"},"geometry":{"type":"LineString","coordinates":[[127.298158,37.558056],[127.296869,37.557908],[127.295552,37.557656],[127.294243,37.557302],[127.292822,37.556808],[127.260441,37.544019],[127.25954,37.543713],[127.258692,37.543475],[127.257909,37.543313],[127.256858,37.543186],[127.255774,37.543135],[127.254787,37.54316],[127.253886,37.543237],[127.252866,37.543388],[127.251974,37.543605]]}},{"type":"Feature","properties":{"line":"gyeongui","ref":"경의·중앙","name":"경의·중앙선: 용문 → 문산","color":"#77C4A3"},"geometry":{"type":"LineString","coordinates":[[127.251974,37.543605],[127.251875,37.543637],[127.251245,37.543838]]}},{"type":"Feature","properties":{"line":"gyeongui","ref":"경의·중앙","name":"경의·중앙선: 용문 → 문산","color":"#77C4A3"},"geometry":{"type":"LineString","coordinates":[[127.251245,37.543838],[127.250017,37.54432]]}},{"type":"Feature","properties":{"line":"gyeongui","ref":"경의·중앙","name":"경의·중앙선: 용문 → 문산","color":"#77C4A3"},"geometry":{"type":"LineString","coordinates":[[127.250017,37.54432],[127.24766,37.5454]]}},{"type":"Feature","properties":{"line":"gyeongui","ref":"경의·중앙","name":"경의·중앙선: 용문 → 문산","color":"#77C4A3"},"geometry":{"type":"LineString","coordinates":[[127.24766,37.5454],[127.247192,37.545625]]}},{"type":"Feature","properties":{"line":"gyeongui","ref":"경의·중앙","name":"경의·중앙선: 용문 → 문산","color":"#77C4A3"},"geometry":{"type":"LineString","coordinates":[[127.247192,37.545625],[127.247112,37.545667]]}},{"type":"Feature","properties":{"line":"gyeongui","ref":"경의·중앙","name":"경의·중앙선: 용문 → 문산","color":"#77C4A3"},"geometry":{"type":"LineString","coordinates":[[127.247112,37.545667],[127.246789,37.545812],[127.246217,37.546067],[127.245329,37.546528],[127.244985,37.546715],[127.244607,37.546939],[127.244208,37.547186],[127.244019,37.547315],[127.24373,37.547518],[127.243413,37.547757],[127.243084,37.548029],[127.242981,37.548122],[127.242811,37.54828],[127.242517,37.548571],[127.241952,37.549183],[127.24168,37.549509],[127.241487,37.549781],[127.241125,37.550338],[127.240889,37.550721],[127.24054,37.5513],[127.240334,37.551645],[127.240133,37.551977],[127.239886,37.552401]]}},{"type":"Feature","properties":{"line":"gyeongui","ref":"경의·중앙","name":"경의·중앙선: 용문 → 문산","color":"#77C4A3"},"geometry":{"type":"LineString","coordinates":[[127.239886,37.552401],[127.239755,37.55261]]}},{"type":"Feature","properties":{"line":"gyeongui","ref":"경의·중앙","name":"경의·중앙선: 용문 → 문산","color":"#77C4A3"},"geometry":{"type":"LineString","coordinates":[[127.239755,37.55261],[127.23937,37.553263],[127.239029,37.553843],[127.238314,37.555066],[127.238125,37.555425]]}},{"type":"Feature","properties":{"line":"gyeongui","ref":"경의·중앙","name":"경의·중앙선: 용문 → 문산","color":"#77C4A3"},"geometry":{"type":"LineString","coordinates":[[127.238125,37.555425],[127.238051,37.555563],[127.237971,37.555711]]}},{"type":"Feature","properties":{"line":"gyeongui","ref":"경의·중앙","name":"경의·중앙선: 용문 → 문산","color":"#77C4A3"},"geometry":{"type":"LineString","coordinates":[[127.237971,37.555711],[127.237214,37.557208],[127.236799,37.558052],[127.23646,37.55875],[127.23557,37.560598],[127.235319,37.561118]]}},{"type":"Feature","properties":{"line":"gyeongui","ref":"경의·중앙","name":"경의·중앙선: 용문 → 문산","color":"#77C4A3"},"geometry":{"type":"LineString","coordinates":[[127.235319,37.561118],[127.234988,37.561793]]}},{"type":"Feature","properties":{"line":"gyeongui","ref":"경의·중앙","name":"경의·중앙선: 용문 → 문산","color":"#77C4A3"},"geometry":{"type":"LineString","coordinates":[[127.234988,37.561793],[127.234947,37.561878]]}},{"type":"Feature","properties":{"line":"gyeongui","ref":"경의·중앙","name":"경의·중앙선: 용문 → 문산","color":"#77C4A3"},"geometry":{"type":"LineString","coordinates":[[127.234947,37.561878],[127.233896,37.564041]]}},{"type":"Feature","properties":{"line":"gyeongui","ref":"경의·중앙","name":"경의·중앙선: 용문 → 문산","color":"#77C4A3"},"geometry":{"type":"LineString","coordinates":[[127.233896,37.564041],[127.233852,37.564131]]}},{"type":"Feature","properties":{"line":"gyeongui","ref":"경의·중앙","name":"경의·중앙선: 용문 → 문산","color":"#77C4A3"},"geometry":{"type":"LineString","coordinates":[[127.233852,37.564131],[127.233412,37.565052]]}},{"type":"Feature","properties":{"line":"gyeongui","ref":"경의·중앙","name":"경의·중앙선: 용문 → 문산","color":"#77C4A3"},"geometry":{"type":"LineString","coordinates":[[127.233412,37.565052],[127.232527,37.566922]]}},{"type":"Feature","properties":{"line":"gyeongui","ref":"경의·중앙","name":"경의·중앙선: 용문 → 문산","color":"#77C4A3"},"geometry":{"type":"LineString","coordinates":[[127.232527,37.566922],[127.232241,37.567555]]}},{"type":"Feature","properties":{"line":"gyeongui","ref":"경의·중앙","name":"경의·중앙선: 용문 → 문산","color":"#77C4A3"},"geometry":{"type":"LineString","coordinates":[[127.232241,37.567555],[127.232002,37.568119]]}},{"type":"Feature","properties":{"line":"gyeongui","ref":"경의·중앙","name":"경의·중앙선: 용문 → 문산","color":"#77C4A3"},"geometry":{"type":"LineString","coordinates":[[127.232002,37.568119],[127.231891,37.568396],[127.231772,37.5687]]}},{"type":"Feature","properties":{"line":"gyeongui","ref":"경의·중앙","name":"경의·중앙선: 용문 → 문산","color":"#77C4A3"},"geometry":{"type":"LineString","coordinates":[[127.231772,37.5687],[127.231698,37.568901]]}},{"type":"Feature","properties":{"line":"gyeongui","ref":"경의·중앙","name":"경의·중앙선: 용문 → 문산","color":"#77C4A3"},"geometry":{"type":"LineString","coordinates":[[127.231698,37.568901],[127.231568,37.569245]]}},{"type":"Feature","properties":{"line":"gyeongui","ref":"경의·중앙","name":"경의·중앙선: 용문 → 문산","color":"#77C4A3"},"geometry":{"type":"LineString","coordinates":[[127.231568,37.569245],[127.231249,37.57014]]}},{"type":"Feature","properties":{"line":"gyeongui","ref":"경의·중앙","name":"경의·중앙선: 용문 → 문산","color":"#77C4A3"},"geometry":{"type":"LineString","coordinates":[[127.231249,37.57014],[127.230536,37.572249]]}},{"type":"Feature","properties":{"line":"gyeongui","ref":"경의·중앙","name":"경의·중앙선: 용문 → 문산","color":"#77C4A3"},"geometry":{"type":"LineString","coordinates":[[127.230536,37.572249],[127.230068,37.573639]]}},{"type":"Feature","properties":{"line":"gyeongui","ref":"경의·중앙","name":"경의·중앙선: 용문 → 문산","color":"#77C4A3"},"geometry":{"type":"LineString","coordinates":[[127.230068,37.573639],[127.22996,37.573964],[127.229875,37.574197]]}},{"type":"Feature","properties":{"line":"gyeongui","ref":"경의·중앙","name":"경의·중앙선: 용문 → 문산","color":"#77C4A3"},"geometry":{"type":"LineString","coordinates":[[127.229875,37.574197],[127.229643,37.574782],[127.229523,37.575045],[127.229392,37.575292],[127.229267,37.575503]]}},{"type":"Feature","properties":{"line":"gyeongui","ref":"경의·중앙","name":"경의·중앙선: 용문 → 문산","color":"#77C4A3"},"geometry":{"type":"LineString","coordinates":[[127.229267,37.575503],[127.229049,37.575828],[127.228968,37.57596]]}},{"type":"Feature","properties":{"line":"gyeongui","ref":"경의·중앙","name":"경의·중앙선: 용문 → 문산","color":"#77C4A3"},"geometry":{"type":"LineString","coordinates":[[127.228968,37.57596],[127.228784,37.576191],[127.228586,37.576431],[127.228371,37.576668],[127.228142,37.576903],[127.227801,37.577223],[127.22767,37.57736]]}},{"type":"Feature","properties":{"line":"gyeongui","ref":"경의·중앙","name":"경의·중앙선: 용문 → 문산","color":"#77C4A3"},"geometry":{"type":"LineString","coordinates":[[127.22767,37.57736],[127.227416,37.577553],[127.227112,37.577775],[127.226771,37.578005],[127.226301,37.578283],[127.226014,37.57844],[127.225687,37.578611],[127.225333,37.578774],[127.224833,37.578965],[127.224134,37.579202],[127.221758,37.579881],[127.221528,37.579947]]}},{"type":"Feature","properties":{"line":"gyeongui","ref":"경의·중앙","name":"경의·중앙선: 용문 → 문산","color":"#77C4A3"},"geometry":{"type":"LineString","coordinates":[[127.221528,37.579947],[127.221002,37.580113],[127.220723,37.580204]]}},{"type":"Feature","properties":{"line":"gyeongui","ref":"경의·중앙","name":"경의·중앙선: 용문 → 문산","color":"#77C4A3"},"geometry":{"type":"LineString","coordinates":[[127.220723,37.580204],[127.220296,37.580365],[127.21998,37.580496],[127.219702,37.580621],[127.219438,37.580753]]}},{"type":"Feature","properties":{"line":"gyeongui","ref":"경의·중앙","name":"경의·중앙선: 용문 → 문산","color":"#77C4A3"},"geometry":{"type":"LineString","coordinates":[[127.219438,37.580753],[127.219119,37.580934],[127.215759,37.58305]]}},{"type":"Feature","properties":{"line":"gyeongui","ref":"경의·중앙","name":"경의·중앙선: 용문 → 문산","color":"#77C4A3"},"geometry":{"type":"LineString","coordinates":[[127.215759,37.58305],[127.215571,37.583152]]}},{"type":"Feature","properties":{"line":"gyeongui","ref":"경의·중앙","name":"경의·중앙선: 용문 → 문산","color":"#77C4A3"},"geometry":{"type":"LineString","coordinates":[[127.215571,37.583152],[127.214831,37.583578]]}},{"type":"Feature","properties":{"line":"gyeongui","ref":"경의·중앙","name":"경의·중앙선: 용문 → 문산","color":"#77C4A3"},"geometry":{"type":"LineString","coordinates":[[127.214831,37.583578],[127.213803,37.584146],[127.21308,37.58456],[127.212872,37.584675],[127.212335,37.584968]]}},{"type":"Feature","properties":{"line":"gyeongui","ref":"경의·중앙","name":"경의·중앙선: 용문 → 문산","color":"#77C4A3"},"geometry":{"type":"LineString","coordinates":[[127.212335,37.584968],[127.212048,37.585121]]}},{"type":"Feature","properties":{"line":"gyeongui","ref":"경의·중앙","name":"경의·중앙선: 용문 → 문산","color":"#77C4A3"},"geometry":{"type":"LineString","coordinates":[[127.212048,37.585121],[127.211635,37.585344],[127.208808,37.586891]]}},{"type":"Feature","properties":{"line":"gyeongui","ref":"경의·중앙","name":"경의·중앙선: 용문 → 문산","color":"#77C4A3"},"geometry":{"type":"LineString","coordinates":[[127.208808,37.586891],[127.20766,37.587519],[127.207306,37.587712],[127.206627,37.588085],[127.206117,37.588361],[127.205977,37.588435],[127.205371,37.588762],[127.205123,37.588898]]}},{"type":"Feature","properties":{"line":"gyeongui","ref":"경의·중앙","name":"경의·중앙선: 용문 → 문산","color":"#77C4A3"},"geometry":{"type":"LineString","coordinates":[[127.205123,37.588898],[127.203994,37.589533]]}},{"type":"Feature","properties":{"line":"gyeongui","ref":"경의·중앙","name":"경의·중앙선: 용문 → 문산","color":"#77C4A3"},"geometry":{"type":"LineString","coordinates":[[127.203994,37.589533],[127.203398,37.589885],[127.20313,37.590059],[127.202811,37.590287],[127.202473,37.590538],[127.202112,37.590839],[127.201782,37.591127],[127.201469,37.591433],[127.201298,37.591603],[127.201149,37.591775]]}},{"type":"Feature","properties":{"line":"gyeongui","ref":"경의·중앙","name":"경의·중앙선: 용문 → 문산","color":"#77C4A3"},"geometry":{"type":"LineString","coordinates":[[127.201149,37.591775],[127.200889,37.592081],[127.200623,37.59243],[127.200513,37.592584]]}},{"type":"Feature","properties":{"line":"gyeongui","ref":"경의·중앙","name":"경의·중앙선: 용문 → 문산","color":"#77C4A3"},"geometry":{"type":"LineString","coordinates":[[127.200513,37.592584],[127.200315,37.5929]]}},{"type":"Feature","properties":{"line":"gyeongui","ref":"경의·중앙","name":"경의·중앙선: 용문 → 문산","color":"#77C4A3"},"geometry":{"type":"LineString","coordinates":[[127.200315,37.5929],[127.200065,37.593299],[127.199849,37.593702],[127.199783,37.59383]]}},{"type":"Feature","properties":{"line":"gyeongui","ref":"경의·중앙","name":"경의·중앙선: 용문 → 문산","color":"#77C4A3"},"geometry":{"type":"LineString","coordinates":[[127.199783,37.59383],[127.199637,37.594103]]}},{"type":"Feature","properties":{"line":"gyeongui","ref":"경의·중앙","name":"경의·중앙선: 용문 → 문산","color":"#77C4A3"},"geometry":{"type":"LineString","coordinates":[[127.199637,37.594103],[127.199435,37.594484],[127.199232,37.594905]]}},{"type":"Feature","properties":{"line":"gyeongui","ref":"경의·중앙","name":"경의·중앙선: 용문 → 문산","color":"#77C4A3"},"geometry":{"type":"LineString","coordinates":[[127.199232,37.594905],[127.199012,37.595327],[127.198805,37.595749],[127.198681,37.595989]]}},{"type":"Feature","properties":{"line":"gyeongui","ref":"경의·중앙","name":"경의·중앙선: 용문 → 문산","color":"#77C4A3"},"geometry":{"type":"LineString","coordinates":[[127.198681,37.595989],[127.198598,37.596168],[127.198374,37.596599],[127.198174,37.597002],[127.197973,37.59743],[127.197777,37.597839],[127.197568,37.598263],[127.197365,37.598669],[127.197149,37.599094]]}},{"type":"Feature","properties":{"line":"gyeongui","ref":"경의·중앙","name":"경의·중앙선: 용문 → 문산","color":"#77C4A3"},"geometry":{"type":"LineString","coordinates":[[127.197149,37.599094],[127.196939,37.599506],[127.196729,37.599934],[127.196516,37.600344],[127.196353,37.600674],[127.19631,37.60076],[127.196102,37.601179],[127.195992,37.601382]]}},{"type":"Feature","properties":{"line":"gyeongui","ref":"경의·중앙","name":"경의·중앙선: 용문 → 문산","color":"#77C4A3"},"geometry":{"type":"LineString","coordinates":[[127.195992,37.601382],[127.195801,37.601734],[127.195671,37.601946],[127.195559,37.602158],[127.19554,37.602196]]}},{"type":"Feature","properties":{"line":"gyeongui","ref":"경의·중앙","name":"경의·중앙선: 용문 → 문산","color":"#77C4A3"},"geometry":{"type":"LineString","coordinates":[[127.19554,37.602196],[127.195472,37.602326]]}},{"type":"Feature","properties":{"line":"gyeongui","ref":"경의·중앙","name":"경의·중앙선: 용문 → 문산","color":"#77C4A3"},"geometry":{"type":"LineString","coordinates":[[127.195472,37.602326],[127.195396,37.602473],[127.195356,37.602549]]}},{"type":"Feature","properties":{"line":"gyeongui","ref":"경의·중앙","name":"경의·중앙선: 용문 → 문산","color":"#77C4A3"},"geometry":{"type":"LineString","coordinates":[[127.195356,37.602549],[127.195262,37.602734],[127.195155,37.602945],[127.194863,37.603504],[127.194705,37.603782],[127.194547,37.604039],[127.194342,37.604356],[127.194117,37.604678],[127.194021,37.604802],[127.193833,37.605046]]}},{"type":"Feature","properties":{"line":"gyeongui","ref":"경의·중앙","name":"경의·중앙선: 용문 → 문산","color":"#77C4A3"},"geometry":{"type":"LineString","coordinates":[[127.193833,37.605046],[127.193823,37.605058],[127.193596,37.60534],[127.193342,37.605653],[127.193293,37.605714]]}},{"type":"Feature","properties":{"line":"gyeongui","ref":"경의·중앙","name":"경의·중앙선: 용문 → 문산","color":"#77C4A3"},"geometry":{"type":"LineString","coordinates":[[127.193293,37.605714],[127.193091,37.605951],[127.192958,37.606119],[127.192931,37.606153]]}},{"type":"Feature","properties":{"line":"gyeongui","ref":"경의·중앙","name":"경의·중앙선: 용문 → 문산","color":"#77C4A3"},"geometry":{"type":"LineString","coordinates":[[127.192931,37.606153],[127.192893,37.606198],[127.19274,37.606412],[127.192573,37.606649]]}},{"type":"Feature","properties":{"line":"gyeongui","ref":"경의·중앙","name":"경의·중앙선: 용문 → 문산","color":"#77C4A3"},"geometry":{"type":"LineString","coordinates":[[127.192573,37.606649],[127.192551,37.606678],[127.192288,37.60699],[127.192025,37.607325],[127.191982,37.607377],[127.191909,37.607468],[127.191675,37.607753],[127.191357,37.608145],[127.19111,37.60845],[127.190802,37.608824],[127.190429,37.609277],[127.190121,37.60965],[127.189789,37.610033],[127.18948,37.610389],[127.189387,37.610496]]}},{"type":"Feature","properties":{"line":"gyeongui","ref":"경의·중앙","name":"경의·중앙선: 용문 → 문산","color":"#77C4A3"},"geometry":{"type":"LineString","coordinates":[[127.189387,37.610496],[127.189132,37.610769],[127.188796,37.611115],[127.188427,37.611479],[127.188037,37.611803],[127.18786,37.611937]]}},{"type":"Feature","properties":{"line":"gyeongui","ref":"경의·중앙","name":"경의·중앙선: 용문 → 문산","color":"#77C4A3"},"geometry":{"type":"LineString","coordinates":[[127.18786,37.611937],[127.187614,37.612133],[127.1872,37.612428],[127.187016,37.612555],[127.186743,37.612731],[127.186393,37.61294]]}},{"type":"Feature","properties":{"line":"gyeongui","ref":"경의·중앙","name":"경의·중앙선: 용문 → 문산","color":"#77C4A3"},"geometry":{"type":"LineString","coordinates":[[127.186393,37.61294],[127.186348,37.612964],[127.185953,37.613178],[127.185519,37.613389],[127.185065,37.613582],[127.184599,37.613767],[127.184135,37.613925],[127.183649,37.614068],[127.183505,37.614109]]}},{"type":"Feature","properties":{"line":"gyeongui","ref":"경의·중앙","name":"경의·중앙선: 용문 → 문산","color":"#77C4A3"},"geometry":{"type":"LineString","coordinates":[[127.183505,37.614109],[127.183255,37.614167],[127.182978,37.614234],[127.182669,37.614309]]}},{"type":"Feature","properties":{"line":"gyeongui","ref":"경의·중앙","name":"경의·중앙선: 용문 → 문산","color":"#77C4A3"},"geometry":{"type":"LineString","coordinates":[[127.182669,37.614309],[127.182554,37.614333],[127.18211,37.614412],[127.181607,37.614479],[127.181114,37.614534],[127.180589,37.614572],[127.18008,37.614592],[127.179521,37.614589],[127.178988,37.61457],[127.178498,37.614529],[127.178151,37.614496],[127.177804,37.614452],[127.177319,37.61437],[127.17674,37.614255],[127.176217,37.614127]]}},{"type":"Feature","properties":{"line":"gyeongui","ref":"경의·중앙","name":"경의·중앙선: 용문 → 문산","color":"#77C4A3"},"geometry":{"type":"LineString","coordinates":[[127.176217,37.614127],[127.175691,37.613989],[127.174612,37.613667],[127.174109,37.613517],[127.173564,37.613361]]}},{"type":"Feature","properties":{"line":"gyeongui","ref":"경의·중앙","name":"경의·중앙선: 용문 → 문산","color":"#77C4A3"},"geometry":{"type":"LineString","coordinates":[[127.173564,37.613361],[127.17098,37.612597]]}},{"type":"Feature","properties":{"line":"gyeongui","ref":"경의·중앙","name":"경의·중앙선: 용문 → 문산","color":"#77C4A3"},"geometry":{"type":"LineString","coordinates":[[127.17098,37.612597],[127.170854,37.612558],[127.170335,37.612398],[127.169843,37.612246],[127.169371,37.612095],[127.16884,37.611925],[127.168324,37.611754],[127.167805,37.611575],[127.167289,37.611394],[127.166779,37.6112],[127.166293,37.611001],[127.165826,37.610802],[127.165737,37.610764],[127.165373,37.610606],[127.165013,37.61045],[127.164545,37.610243],[127.164161,37.610075],[127.163946,37.60998],[127.163378,37.609729],[127.163013,37.609571],[127.162666,37.609416],[127.162313,37.609263],[127.161934,37.609091],[127.161617,37.608956],[127.161219,37.608777],[127.160685,37.608548],[127.160512,37.608474],[127.160132,37.608306],[127.159638,37.608087],[127.159133,37.607868],[127.158739,37.607693],[127.158355,37.607522],[127.157994,37.607365],[127.157689,37.607225],[127.157437,37.607119],[127.157159,37.606996],[127.156927,37.606898],[127.15674,37.606818],[127.156506,37.606715],[127.156254,37.606604],[127.156149,37.606558],[127.155959,37.606473],[127.155483,37.60627],[127.155112,37.606112],[127.154765,37.605975],[127.154356,37.605827],[127.153774,37.605651],[127.153395,37.605541]]}},{"type":"Feature","properties":{"line":"gyeongui","ref":"경의·중앙","name":"경의·중앙선: 용문 → 문산","color":"#77C4A3"},"geometry":{"type":"LineString","coordinates":[[127.153395,37.605541],[127.153019,37.605447]]}},{"type":"Feature","properties":{"line":"gyeongui","ref":"경의·중앙","name":"경의·중앙선: 용문 → 문산","color":"#77C4A3"},"geometry":{"type":"LineString","coordinates":[[127.153019,37.605447],[127.152613,37.605362],[127.152038,37.605231],[127.151512,37.605106],[127.150965,37.604991],[127.15047,37.60488],[127.150371,37.604858]]}},{"type":"Feature","properties":{"line":"gyeongui","ref":"경의·중앙","name":"경의·중앙선: 용문 → 문산","color":"#77C4A3"},"geometry":{"type":"LineString","coordinates":[[127.150371,37.604858],[127.149353,37.604623],[127.149039,37.60455],[127.148719,37.604476],[127.148404,37.604405],[127.148091,37.604333],[127.147764,37.604257],[127.147485,37.604192]]}},{"type":"Feature","properties":{"line":"gyeongui","ref":"경의·중앙","name":"경의·중앙선: 용문 → 문산","color":"#77C4A3"},"geometry":{"type":"LineString","coordinates":[[127.147485,37.604192],[127.147301,37.604152],[127.1468,37.604039],[127.146297,37.603922],[127.146121,37.603882],[127.146012,37.603856],[127.145903,37.60383],[127.145813,37.603809],[127.145374,37.603707],[127.145282,37.60369]]}},{"type":"Feature","properties":{"line":"gyeongui","ref":"경의·중앙","name":"경의·중앙선: 용문 → 문산","color":"#77C4A3"},"geometry":{"type":"LineString","coordinates":[[127.145282,37.60369],[127.144929,37.603587],[127.144734,37.603527],[127.144537,37.603482],[127.14294,37.603097]]}},{"type":"Feature","properties":{"line":"gyeongui","ref":"경의·중앙","name":"경의·중앙선: 용문 → 문산","color":"#77C4A3"},"geometry":{"type":"LineString","coordinates":[[127.14294,37.603097],[127.142432,37.60298],[127.141915,37.602871],[127.141659,37.602824],[127.141397,37.602787],[127.141249,37.602766]]}},{"type":"Feature","properties":{"line":"gyeongui","ref":"경의·중앙","name":"경의·중앙선: 용문 → 문산","color":"#77C4A3"},"geometry":{"type":"LineString","coordinates":[[127.141249,37.602766],[127.141131,37.602738],[127.140891,37.602682]]}},{"type":"Feature","properties":{"line":"gyeongui","ref":"경의·중앙","name":"경의·중앙선: 용문 → 문산","color":"#77C4A3"},"geometry":{"type":"LineString","coordinates":[[127.140891,37.602682],[127.140419,37.602577],[127.139913,37.602481],[127.139406,37.602392],[127.139137,37.602354],[127.138879,37.602331],[127.138638,37.602319],[127.138357,37.602306],[127.138095,37.602303],[127.137831,37.60231],[127.137545,37.602332],[127.137311,37.602349],[127.137068,37.602381],[127.136813,37.602428],[127.136309,37.602524],[127.135819,37.602648],[127.135314,37.602778],[127.134973,37.602877],[127.134736,37.602937],[127.134235,37.603083],[127.133748,37.603225],[127.133257,37.603368],[127.132881,37.603478],[127.132404,37.60362],[127.132132,37.603701]]}},{"type":"Feature","properties":{"line":"gyeongui","ref":"경의·중앙","name":"경의·중앙선: 용문 → 문산","color":"#77C4A3"},"geometry":{"type":"LineString","coordinates":[[127.132132,37.603701],[127.131993,37.603745],[127.131567,37.603867],[127.131325,37.603935]]}},{"type":"Feature","properties":{"line":"gyeongui","ref":"경의·중앙","name":"경의·중앙선: 용문 → 문산","color":"#77C4A3"},"geometry":{"type":"LineString","coordinates":[[127.131325,37.603935],[127.122984,37.60641],[127.121535,37.606759],[127.120001,37.607056],[127.118671,37.607252],[127.117255,37.607362],[127.115995,37.607429],[127.11474,37.60747],[127.113756,37.607477]]}},{"type":"Feature","properties":{"line":"gyeongui","ref":"경의·중앙","name":"경의·중앙선: 용문 → 문산","color":"#77C4A3"},"geometry":{"type":"LineString","coordinates":[[127.113756,37.607477],[127.113497,37.607467],[127.113023,37.60744],[127.112504,37.607398],[127.111949,37.607346],[127.111389,37.607286],[127.110807,37.607208],[127.110267,37.607108],[127.109763,37.607017],[127.109267,37.606918],[127.108715,37.606787],[127.108336,37.606697],[127.107427,37.606466],[127.107231,37.606416],[127.1069,37.606329],[127.106364,37.606168],[127.105882,37.606035],[127.105477,37.605909],[127.105055,37.605749],[127.104717,37.605605],[127.104387,37.605447],[127.104085,37.60528],[127.103782,37.60509],[127.103452,37.60485],[127.103128,37.604587],[127.102867,37.604347],[127.102505,37.604018],[127.102233,37.603762],[127.101951,37.603504],[127.101588,37.603211],[127.101288,37.602996],[127.100973,37.602797],[127.100716,37.602652],[127.100426,37.602505],[127.100246,37.602416],[127.100006,37.602314],[127.099551,37.602128],[127.099085,37.601956],[127.098872,37.601877],[127.098586,37.601766],[127.098326,37.601665],[127.098003,37.601544],[127.097762,37.601453],[127.097547,37.601367],[127.097326,37.601288],[127.097067,37.601186],[127.096774,37.601076],[127.096495,37.600972],[127.095746,37.600684],[127.095431,37.600568],[127.095029,37.600406],[127.094653,37.600243],[127.094357,37.600115]]}},{"type":"Feature","properties":{"line":"gyeongui","ref":"경의·중앙","name":"경의·중앙선: 용문 → 문산","color":"#77C4A3"},"geometry":{"type":"LineString","coordinates":[[127.094357,37.600115],[127.094285,37.600077],[127.093935,37.599895],[127.09356,37.599718],[127.09315,37.599571],[127.091644,37.599],[127.091571,37.598973],[127.09064,37.598607],[127.090298,37.598484],[127.09012,37.598419],[127.08979,37.598332]]}},{"type":"Feature","properties":{"line":"gyeongui","ref":"경의·중앙","name":"경의·중앙선: 용문 → 문산","color":"#77C4A3"},"geometry":{"type":"LineString","coordinates":[[127.08979,37.598332],[127.089677,37.59829],[127.089192,37.598105],[127.088848,37.597972],[127.088687,37.597914]]}},{"type":"Feature","properties":{"line":"gyeongui","ref":"경의·중앙","name":"경의·중앙선: 용문 → 문산","color":"#77C4A3"},"geometry":{"type":"LineString","coordinates":[[127.088687,37.597914],[127.088492,37.597841],[127.088136,37.597706],[127.08777,37.597567],[127.087468,37.597456],[127.087188,37.597351],[127.086933,37.597264],[127.086586,37.597145],[127.086123,37.597009],[127.085731,37.596895],[127.085291,37.596788],[127.084883,37.59669],[127.08466,37.596636],[127.084367,37.596568],[127.084314,37.596556],[127.083993,37.596483],[127.083643,37.596417],[127.083303,37.596349],[127.082998,37.596292],[127.082545,37.596205],[127.082172,37.596137],[127.081838,37.596075],[127.081548,37.596025]]}},{"type":"Feature","properties":{"line":"gyeongui","ref":"경의·중앙","name":"경의·중앙선: 용문 → 문산","color":"#77C4A3"},"geometry":{"type":"LineString","coordinates":[[127.081548,37.596025],[127.081515,37.596017],[127.081053,37.595929],[127.080653,37.595852],[127.080617,37.595846]]}},{"type":"Feature","properties":{"line":"gyeongui","ref":"경의·중앙","name":"경의·중앙선: 용문 → 문산","color":"#77C4A3"},"geometry":{"type":"LineString","coordinates":[[127.080617,37.595846],[127.080072,37.595735],[127.07963,37.595642],[127.079394,37.595601],[127.078896,37.595502],[127.078854,37.595489]]}},{"type":"Feature","properties":{"line":"gyeongui","ref":"경의·중앙","name":"경의·중앙선: 용문 → 문산","color":"#77C4A3"},"geometry":{"type":"LineString","coordinates":[[127.078854,37.595489],[127.07839,37.595362],[127.0779,37.595257],[127.077423,37.595154],[127.075353,37.594699],[127.074938,37.594622],[127.074517,37.594549],[127.074225,37.594504]]}},{"type":"Feature","properties":{"line":"gyeongui","ref":"경의·중앙","name":"경의·중앙선: 용문 → 문산","color":"#77C4A3"},"geometry":{"type":"LineString","coordinates":[[127.074225,37.594504],[127.074214,37.594501],[127.073965,37.594451]]}},{"type":"Feature","properties":{"line":"gyeongui","ref":"경의·중앙","name":"경의·중앙선: 용문 → 문산","color":"#77C4A3"},"geometry":{"type":"LineString","coordinates":[[127.073965,37.594451],[127.073521,37.594355],[127.073082,37.594256],[127.072659,37.594166]]}},{"type":"Feature","properties":{"line":"gyeongui","ref":"경의·중앙","name":"경의·중앙선: 용문 → 문산","color":"#77C4A3"},"geometry":{"type":"LineString","coordinates":[[127.072659,37.594166],[127.072139,37.594055],[127.071626,37.593941],[127.071125,37.593835],[127.070617,37.593729],[127.07022,37.593646],[127.069825,37.593559],[127.069426,37.593474],[127.068902,37.593358],[127.068486,37.593263]]}},{"type":"Feature","properties":{"line":"gyeongui","ref":"경의·중앙","name":"경의·중앙선: 용문 → 문산","color":"#77C4A3"},"geometry":{"type":"LineString","coordinates":[[127.068486,37.593263],[127.068442,37.593253],[127.068431,37.59325]]}},{"type":"Feature","properties":{"line":"gyeongui","ref":"경의·중앙","name":"경의·중앙선: 용문 → 문산","color":"#77C4A3"},"geometry":{"type":"LineString","coordinates":[[127.068431,37.59325],[127.06793,37.593148],[127.067435,37.593039],[127.06692,37.592922],[127.066413,37.592809],[127.065892,37.592694],[127.06542,37.592596],[127.064905,37.592487],[127.064409,37.592374],[127.063928,37.59227],[127.063434,37.592155],[127.063039,37.592056]]}},{"type":"Feature","properties":{"line":"gyeongui","ref":"경의·중앙","name":"경의·중앙선: 용문 → 문산","color":"#77C4A3"},"geometry":{"type":"LineString","coordinates":[[127.063039,37.592056],[127.062984,37.59204],[127.062617,37.591933],[127.062254,37.591806],[127.061822,37.591631],[127.061465,37.591468],[127.061065,37.591269],[127.060757,37.591104]]}},{"type":"Feature","properties":{"line":"gyeongui","ref":"경의·중앙","name":"경의·중앙선: 용문 → 문산","color":"#77C4A3"},"geometry":{"type":"LineString","coordinates":[[127.060757,37.591104],[127.060657,37.591053],[127.0602,37.590809],[127.05978,37.590582],[127.05943,37.590371],[127.05904,37.590128],[127.058903,37.590041],[127.058844,37.590005],[127.05861,37.589866],[127.057523,37.589292],[127.057296,37.589168],[127.057096,37.589065],[127.056647,37.588853],[127.056514,37.5888],[127.056123,37.588622],[127.05573,37.58845],[127.055343,37.588251],[127.05495,37.588019],[127.054475,37.587721],[127.054151,37.587498],[127.053827,37.587276],[127.053519,37.587024],[127.053215,37.586767],[127.052928,37.586499],[127.052648,37.586224],[127.052434,37.58598],[127.052278,37.585796],[127.052127,37.585611],[127.051829,37.585216],[127.05169,37.58504],[127.051581,37.5849],[127.051419,37.584703],[127.051311,37.58457]]}},{"type":"Feature","properties":{"line":"gyeongui","ref":"경의·중앙","name":"경의·중앙선: 용문 → 문산","color":"#77C4A3"},"geometry":{"type":"LineString","coordinates":[[127.051311,37.58457],[127.051217,37.584456],[127.051209,37.584446]]}},{"type":"Feature","properties":{"line":"gyeongui","ref":"경의·중앙","name":"경의·중앙선: 용문 → 문산","color":"#77C4A3"},"geometry":{"type":"LineString","coordinates":[[127.050847,37.583982],[127.050912,37.584064],[127.05108,37.584277],[127.051209,37.584446]]}},{"type":"Feature","properties":{"line":"gyeongui","ref":"경의·중앙","name":"경의·중앙선: 용문 → 문산","color":"#77C4A3"},"geometry":{"type":"LineString","coordinates":[[127.050718,37.583816],[127.050847,37.583982]]}},{"type":"Feature","properties":{"line":"gyeongui","ref":"경의·중앙","name":"경의·중앙선: 용문 → 문산","color":"#77C4A3"},"geometry":{"type":"LineString","coordinates":[[127.050481,37.583513],[127.050506,37.58355],[127.050718,37.583816]]}},{"type":"Feature","properties":{"line":"gyeongui","ref":"경의·중앙","name":"경의·중앙선: 용문 → 문산","color":"#77C4A3"},"geometry":{"type":"LineString","coordinates":[[127.050481,37.583513],[127.050354,37.583351],[127.05023,37.583193]]}},{"type":"Feature","properties":{"line":"gyeongui","ref":"경의·중앙","name":"경의·중앙선: 용문 → 문산","color":"#77C4A3"},"geometry":{"type":"LineString","coordinates":[[127.05023,37.583193],[127.050155,37.583094],[127.050033,37.582935],[127.049949,37.582826],[127.049906,37.582771],[127.049762,37.582585],[127.049463,37.582258],[127.049222,37.581968],[127.049204,37.581947]]}},{"type":"Feature","properties":{"line":"gyeongui","ref":"경의·중앙","name":"경의·중앙선: 용문 → 문산","color":"#77C4A3"},"geometry":{"type":"LineString","coordinates":[[127.049204,37.581947],[127.048219,37.580642],[127.047401,37.579563]]}},{"type":"Feature","properties":{"line":"gyeongui","ref":"경의·중앙","name":"경의·중앙선: 용문 → 문산","color":"#77C4A3"},"geometry":{"type":"LineString","coordinates":[[127.047401,37.579563],[127.046504,37.578381],[127.046252,37.578054],[127.045672,37.577301]]}},{"type":"Feature","properties":{"line":"gyeongui","ref":"경의·중앙","name":"경의·중앙선: 용문 → 문산","color":"#77C4A3"},"geometry":{"type":"LineString","coordinates":[[127.045672,37.577301],[127.045554,37.577145],[127.045254,37.576752],[127.044928,37.576327]]}},{"type":"Feature","properties":{"line":"gyeongui","ref":"경의·중앙","name":"경의·중앙선: 용문 → 문산","color":"#77C4A3"},"geometry":{"type":"LineString","coordinates":[[127.044928,37.576327],[127.044506,37.575776],[127.044039,37.575158],[127.043939,37.57503],[127.043819,37.574874],[127.043699,37.574719],[127.043289,37.574173],[127.042378,37.572991]]}},{"type":"Feature","properties":{"line":"gyeongui","ref":"경의·중앙","name":"경의·중앙선: 용문 → 문산","color":"#77C4A3"},"geometry":{"type":"LineString","coordinates":[[127.042378,37.572991],[127.04198,37.572478]]}},{"type":"Feature","properties":{"line":"gyeongui","ref":"경의·중앙","name":"경의·중앙선: 용문 → 문산","color":"#77C4A3"},"geometry":{"type":"LineString","coordinates":[[127.04198,37.572478],[127.041836,37.572292]]}},{"type":"Feature","properties":{"line":"gyeongui","ref":"경의·중앙","name":"경의·중앙선: 용문 → 문산","color":"#77C4A3"},"geometry":{"type":"LineString","coordinates":[[127.041836,37.572292],[127.041254,37.571539],[127.041094,37.571326]]}},{"type":"Feature","properties":{"line":"gyeongui","ref":"경의·중앙","name":"경의·중앙선: 용문 → 문산","color":"#77C4A3"},"geometry":{"type":"LineString","coordinates":[[127.041094,37.571326],[127.040869,37.571019],[127.039878,37.569742]]}},{"type":"Feature","properties":{"line":"gyeongui","ref":"경의·중앙","name":"경의·중앙선: 용문 → 문산","color":"#77C4A3"},"geometry":{"type":"LineString","coordinates":[[127.039878,37.569742],[127.039794,37.56963]]}},{"type":"Feature","properties":{"line":"gyeongui","ref":"경의·중앙","name":"경의·중앙선: 용문 → 문산","color":"#77C4A3"},"geometry":{"type":"LineString","coordinates":[[127.039794,37.56963],[127.039664,37.569463],[127.03926,37.568945]]}},{"type":"Feature","properties":{"line":"gyeongui","ref":"경의·중앙","name":"경의·중앙선: 용문 → 문산","color":"#77C4A3"},"geometry":{"type":"LineString","coordinates":[[127.03926,37.568945],[127.038638,37.568147],[127.038327,37.567726],[127.038152,37.567461],[127.03805,37.567312],[127.037968,37.567178],[127.037876,37.566964],[127.037775,37.566658],[127.037713,37.566365],[127.037694,37.56612]]}},{"type":"Feature","properties":{"line":"gyeongui","ref":"경의·중앙","name":"경의·중앙선: 용문 → 문산","color":"#77C4A3"},"geometry":{"type":"LineString","coordinates":[[127.037694,37.56612],[127.03768,37.565751]]}},{"type":"Feature","properties":{"line":"gyeongui","ref":"경의·중앙","name":"경의·중앙선: 용문 → 문산","color":"#77C4A3"},"geometry":{"type":"LineString","coordinates":[[127.03768,37.565751],[127.037708,37.565477],[127.037816,37.564931]]}},{"type":"Feature","properties":{"line":"gyeongui","ref":"경의·중앙","name":"경의·중앙선: 용문 → 문산","color":"#77C4A3"},"geometry":{"type":"LineString","coordinates":[[127.037816,37.564931],[127.037893,37.564559]]}},{"type":"Feature","properties":{"line":"gyeongui","ref":"경의·중앙","name":"경의·중앙선: 용문 → 문산","color":"#77C4A3"},"geometry":{"type":"LineString","coordinates":[[127.037893,37.564559],[127.038003,37.564099],[127.038124,37.563563]]}},{"type":"Feature","properties":{"line":"gyeongui","ref":"경의·중앙","name":"경의·중앙선: 용문 → 문산","color":"#77C4A3"},"geometry":{"type":"LineString","coordinates":[[127.038124,37.563563],[127.038185,37.56325],[127.038287,37.562808],[127.038303,37.562732]]}},{"type":"Feature","properties":{"line":"gyeongui","ref":"경의·중앙","name":"경의·중앙선: 용문 → 문산","color":"#77C4A3"},"geometry":{"type":"LineString","coordinates":[[127.038303,37.562732],[127.038533,37.561573],[127.038581,37.561333],[127.038701,37.560721],[127.038818,37.560163]]}},{"type":"Feature","properties":{"line":"gyeongui","ref":"경의·중앙","name":"경의·중앙선: 용문 → 문산","color":"#77C4A3"},"geometry":{"type":"LineString","coordinates":[[127.038818,37.560163],[127.038851,37.559968],[127.038881,37.559771],[127.038916,37.559546],[127.038951,37.559321],[127.038984,37.559073],[127.039067,37.558516],[127.039182,37.55792],[127.039304,37.557338],[127.03946,37.556593],[127.039532,37.556211],[127.039555,37.556026],[127.039571,37.555842],[127.039585,37.555641],[127.039583,37.55545],[127.039569,37.555228],[127.039536,37.555015],[127.039508,37.554874],[127.039454,37.554677],[127.03938,37.554469],[127.039292,37.554278],[127.039177,37.554063],[127.039076,37.553898],[127.038965,37.553737],[127.03884,37.553576],[127.038624,37.553329],[127.038417,37.553124],[127.038187,37.552926],[127.037988,37.552775],[127.037378,37.552375],[127.036163,37.551624],[127.035958,37.551485],[127.03573,37.551317],[127.035551,37.551168],[127.035277,37.550908],[127.035084,37.550707],[127.034937,37.550533],[127.034836,37.550394],[127.034262,37.549548],[127.034153,37.549388],[127.033828,37.548917],[127.033618,37.548651],[127.033459,37.54848],[127.033289,37.548312],[127.033091,37.548128],[127.032872,37.547959],[127.032669,37.547823],[127.032464,37.547694],[127.032244,37.547569],[127.032113,37.547498],[127.0319,37.547386],[127.028995,37.545968],[127.028689,37.545836],[127.028286,37.545673],[127.027926,37.545541],[127.027485,37.545395],[127.026947,37.545231],[127.026475,37.545085],[127.025824,37.544885],[127.025303,37.544724],[127.024999,37.544616],[127.024683,37.544481],[127.024375,37.544322],[127.02408,37.54415],[127.023813,37.543967],[127.021894,37.542538],[127.021189,37.542042],[127.020908,37.541857],[127.020514,37.541605]]}},{"type":"Feature","properties":{"line":"gyeongui","ref":"경의·중앙","name":"경의·중앙선: 용문 → 문산","color":"#77C4A3"},"geometry":{"type":"LineString","coordinates":[[127.020514,37.541605],[127.019778,37.541141],[127.01804,37.540035],[127.017896,37.539934],[127.017729,37.539816],[127.017571,37.539688],[127.017357,37.539515]]}},{"type":"Feature","properties":{"line":"gyeongui","ref":"경의·중앙","name":"경의·중앙선: 용문 → 문산","color":"#77C4A3"},"geometry":{"type":"LineString","coordinates":[[127.017357,37.539515],[127.017152,37.539326],[127.016933,37.539102],[127.016754,37.538872],[127.016574,37.53861],[127.016301,37.538191],[127.013843,37.534195],[127.013053,37.532956],[127.012054,37.531299],[127.01191,37.531099],[127.011676,37.530841],[127.011507,37.53067],[127.011335,37.530511],[127.011153,37.530358],[127.010908,37.530181],[127.010687,37.530042],[127.010578,37.529977],[127.010461,37.529914],[127.010343,37.529853],[127.010181,37.529778],[127.00999,37.529697],[127.008534,37.52915],[127.008169,37.529013],[127.007795,37.528861],[127.007449,37.528696],[127.007148,37.52853],[127.006889,37.528374],[127.006692,37.528245],[127.004184,37.526429],[127.003965,37.526272],[127.003727,37.526085],[127.003482,37.525879],[127.003271,37.525681],[127.003082,37.525483],[127.002923,37.525298],[127.002802,37.525138],[127.002555,37.524787],[127.00241,37.524572],[127.002159,37.524168],[127.001828,37.523596],[127.001688,37.523406],[127.001483,37.523159],[127.001329,37.523006],[127.000989,37.522719],[127.000635,37.522453],[127.000355,37.522278],[127.00001,37.522098],[126.999616,37.521926],[126.99925,37.521771],[126.995207,37.520136],[126.994975,37.520052],[126.994669,37.519959],[126.994348,37.519885],[126.993904,37.519805],[126.993761,37.519785],[126.99357,37.51976],[126.993272,37.519737],[126.992741,37.519713],[126.991865,37.519689],[126.991224,37.519667],[126.990495,37.519642],[126.989808,37.519616],[126.987282,37.519517],[126.986385,37.519482],[126.985862,37.519465],[126.985641,37.519456],[126.985236,37.51945],[126.98462,37.519429],[126.984136,37.519416],[126.98393,37.519416],[126.983623,37.519427],[126.983289,37.519452],[126.983021,37.51948],[126.982757,37.519517],[126.982548,37.519554],[126.982396,37.519588],[126.982224,37.519633],[126.981868,37.519736],[126.977951,37.520948],[126.976145,37.52153],[126.975653,37.521685],[126.975477,37.521742],[126.973697,37.522317],[126.973225,37.522465],[126.972787,37.522591],[126.972544,37.52265],[126.97227,37.522708],[126.971835,37.522785],[126.971707,37.522807],[126.971365,37.522841],[126.97105,37.522854],[126.970744,37.522855],[126.97047,37.522846],[126.970118,37.522822],[126.969812,37.522786],[126.969514,37.522743],[126.968901,37.522641],[126.967544,37.522385],[126.965996,37.522131],[126.965789,37.522112],[126.965501,37.522095],[126.965187,37.52209],[126.964785,37.522095],[126.964604,37.522101],[126.964381,37.522111],[126.964137,37.52213],[126.963874,37.522161],[126.963626,37.522218],[126.963178,37.522328],[126.96297,37.522394],[126.962733,37.522485],[126.96254,37.522562],[126.962308,37.522665]]}},{"type":"Feature","properties":{"line":"gyeongui","ref":"경의·중앙","name":"경의·중앙선: 용문 → 문산","color":"#77C4A3"},"geometry":{"type":"LineString","coordinates":[[126.962308,37.522665],[126.962028,37.522863],[126.961772,37.523067]]}},{"type":"Feature","properties":{"line":"gyeongui","ref":"경의·중앙","name":"경의·중앙선: 용문 → 문산","color":"#77C4A3"},"geometry":{"type":"LineString","coordinates":[[126.963453,37.528468],[126.963254,37.528354],[126.962974,37.528199],[126.96267,37.528011],[126.962415,37.527848],[126.962345,37.527807],[126.962084,37.527624],[126.961819,37.527437],[126.961626,37.527278],[126.961435,37.527103],[126.961273,37.526902],[126.961222,37.526827],[126.961169,37.526763],[126.961134,37.52672],[126.961008,37.526505],[126.96096,37.526416],[126.960904,37.526317],[126.960887,37.526276],[126.960797,37.526017],[126.960736,37.525759],[126.960716,37.525503],[126.96071,37.525307],[126.960729,37.525078],[126.960739,37.525013],[126.960795,37.52475],[126.960863,37.524504],[126.960902,37.524373],[126.960949,37.524225],[126.960997,37.524111],[126.961085,37.523943],[126.961225,37.523707],[126.961256,37.523663],[126.9614,37.52348],[126.961533,37.523326],[126.961713,37.523127],[126.961772,37.523067]]}},{"type":"Feature","properties":{"line":"gyeongui","ref":"경의·중앙","name":"경의·중앙선: 용문 → 문산","color":"#77C4A3"},"geometry":{"type":"LineString","coordinates":[[126.966368,37.530562],[126.963453,37.528468]]}},{"type":"Feature","properties":{"line":"gyeongui","ref":"경의·중앙","name":"경의·중앙선: 용문 → 문산","color":"#77C4A3"},"geometry":{"type":"LineString","coordinates":[[126.96641,37.530594],[126.966368,37.530562]]}},{"type":"Feature","properties":{"line":"gyeongui","ref":"경의·중앙","name":"경의·중앙선: 용문 → 문산","color":"#77C4A3"},"geometry":{"type":"LineString","coordinates":[[126.967329,37.531266],[126.967272,37.53123],[126.966888,37.530955],[126.966783,37.530875],[126.96641,37.530594]]}},{"type":"Feature","properties":{"line":"gyeongui","ref":"경의·중앙","name":"경의·중앙선: 용문 → 문산","color":"#77C4A3"},"geometry":{"type":"LineString","coordinates":[[126.967329,37.531266],[126.968181,37.53189],[126.968493,37.532161],[126.968754,37.532456],[126.968869,37.532619],[126.969001,37.532862]]}},{"type":"Feature","properties":{"line":"gyeongui","ref":"경의·중앙","name":"경의·중앙선: 용문 → 문산","color":"#77C4A3"},"geometry":{"type":"LineString","coordinates":[[126.969001,37.532862],[126.969107,37.533114],[126.969182,37.533374],[126.969194,37.53344],[126.969219,37.533615],[126.969244,37.533854],[126.969236,37.534046],[126.969209,37.534257],[126.969187,37.534373],[126.969152,37.534515],[126.969102,37.534666],[126.969053,37.534788]]}},{"type":"Feature","properties":{"line":"gyeongui","ref":"경의·중앙","name":"경의·중앙선: 용문 → 문산","color":"#77C4A3"},"geometry":{"type":"LineString","coordinates":[[126.969053,37.534788],[126.968959,37.534989],[126.968859,37.535151]]}},{"type":"Feature","properties":{"line":"gyeongui","ref":"경의·중앙","name":"경의·중앙선: 용문 → 문산","color":"#77C4A3"},"geometry":{"type":"LineString","coordinates":[[126.968859,37.535151],[126.968802,37.535245]]}},{"type":"Feature","properties":{"line":"gyeongui","ref":"경의·중앙","name":"경의·중앙선: 용문 → 문산","color":"#77C4A3"},"geometry":{"type":"LineString","coordinates":[[126.968802,37.535245],[126.968689,37.535411],[126.968312,37.535866]]}},{"type":"Feature","properties":{"line":"gyeongui","ref":"경의·중앙","name":"경의·중앙선: 용문 → 문산","color":"#77C4A3"},"geometry":{"type":"LineString","coordinates":[[126.968312,37.535866],[126.967375,37.536842]]}},{"type":"Feature","properties":{"line":"gyeongui","ref":"경의·중앙","name":"경의·중앙선: 용문 → 문산","color":"#77C4A3"},"geometry":{"type":"LineString","coordinates":[[126.967375,37.536842],[126.967105,37.53709],[126.966704,37.537337],[126.966501,37.537435],[126.966134,37.537603],[126.965709,37.537748],[126.965395,37.537848],[126.964726,37.538029],[126.963481,37.538324]]}},{"type":"Feature","properties":{"line":"gyeongui","ref":"경의·중앙","name":"경의·중앙선: 용문 → 문산","color":"#77C4A3"},"geometry":{"type":"LineString","coordinates":[[126.963481,37.538324],[126.96216,37.538634],[126.9615,37.538803],[126.961044,37.53892],[126.960252,37.539123],[126.958986,37.539431],[126.958191,37.539617],[126.958037,37.53966],[126.95764,37.539778],[126.957341,37.53989],[126.956971,37.540042],[126.956706,37.540154],[126.956463,37.540286],[126.956287,37.540384],[126.955409,37.540916],[126.955042,37.541136],[126.954901,37.541204],[126.954466,37.54142],[126.953508,37.541867],[126.951654,37.542735],[126.951071,37.543003],[126.949647,37.543659],[126.946977,37.544865],[126.945665,37.545458],[126.94515,37.545676],[126.944744,37.545826],[126.944357,37.545958],[126.944079,37.546045],[126.942262,37.546552],[126.94196,37.546658],[126.941636,37.546779],[126.941296,37.546909],[126.941064,37.547006],[126.94074,37.547173],[126.94054,37.547298],[126.940355,37.547424],[126.940093,37.547608],[126.939848,37.547801],[126.939638,37.54799],[126.939473,37.548146],[126.939297,37.548321],[126.939093,37.54857],[126.93867,37.54909],[126.938161,37.549708],[126.93781,37.550205],[126.93761,37.550454],[126.937499,37.550606],[126.937125,37.550931],[126.93696,37.551057],[126.936821,37.551161],[126.935623,37.552017],[126.93427,37.552991],[126.933449,37.55358],[126.933195,37.553765],[126.932514,37.554249],[126.932076,37.554559],[126.931697,37.554838],[126.931164,37.555209],[126.930764,37.55548],[126.930471,37.555663],[126.930163,37.555837],[126.929904,37.555976],[126.928508,37.556623],[126.927492,37.55709],[126.92724,37.55722],[126.926862,37.557414],[126.926679,37.55753],[126.926459,37.557671],[126.926236,37.557848],[126.926024,37.558052],[126.925812,37.558255],[126.925602,37.558488],[126.924528,37.559846],[126.922893,37.561894],[126.921124,37.564107],[126.919527,37.566141],[126.919299,37.566395],[126.919096,37.566576],[126.91884,37.566773],[126.918608,37.566918],[126.918502,37.566969],[126.918205,37.567104],[126.917766,37.567291],[126.915937,37.568052],[126.915289,37.568341],[126.914964,37.568486]]}},{"type":"Feature","properties":{"line":"gyeongui","ref":"경의·중앙","name":"경의·중앙선: 용문 → 문산","color":"#77C4A3"},"geometry":{"type":"LineString","coordinates":[[126.914964,37.568486],[126.914153,37.568847],[126.913327,37.569215],[126.910989,37.570256],[126.90916,37.571094],[126.908871,37.571236],[126.908696,37.571339],[126.908363,37.571551],[126.907997,37.571815],[126.907422,37.572255],[126.906829,37.57272]]}},{"type":"Feature","properties":{"line":"gyeongui","ref":"경의·중앙","name":"경의·중앙선: 용문 → 문산","color":"#77C4A3"},"geometry":{"type":"LineString","coordinates":[[126.906829,37.57272],[126.90516,37.573967]]}},{"type":"Feature","properties":{"line":"gyeongui","ref":"경의·중앙","name":"경의·중앙선: 용문 → 문산","color":"#77C4A3"},"geometry":{"type":"LineString","coordinates":[[126.90516,37.573967],[126.903998,37.574788],[126.90302,37.575532],[126.902751,37.575729],[126.902522,37.575897]]}},{"type":"Feature","properties":{"line":"gyeongui","ref":"경의·중앙","name":"경의·중앙선: 용문 → 문산","color":"#77C4A3"},"geometry":{"type":"LineString","coordinates":[[126.902522,37.575897],[126.902152,37.576168],[126.902104,37.576203]]}},{"type":"Feature","properties":{"line":"gyeongui","ref":"경의·중앙","name":"경의·중앙선: 용문 → 문산","color":"#77C4A3"},"geometry":{"type":"LineString","coordinates":[[126.902104,37.576203],[126.90167,37.576494],[126.901096,37.576879],[126.899666,37.577836],[126.899408,37.578009],[126.899273,37.5781],[126.898548,37.578588],[126.898172,37.578842],[126.897998,37.578958],[126.896369,37.580055],[126.895471,37.580668]]}},{"type":"Feature","properties":{"line":"gyeongui","ref":"경의·중앙","name":"경의·중앙선: 용문 → 문산","color":"#77C4A3"},"geometry":{"type":"LineString","coordinates":[[126.895471,37.580668],[126.895023,37.580973],[126.894848,37.58109],[126.893943,37.581693],[126.890812,37.583781],[126.890078,37.584288],[126.889715,37.584523],[126.889414,37.584722],[126.889112,37.584932],[126.8887,37.58524],[126.888378,37.585515],[126.88727,37.586459],[126.88661,37.587005],[126.886446,37.587134],[126.885185,37.588098],[126.883388,37.589696],[126.882731,37.590304],[126.88204,37.590955]]}},{"type":"Feature","properties":{"line":"gyeongui","ref":"경의·중앙","name":"경의·중앙선: 용문 → 문산","color":"#77C4A3"},"geometry":{"type":"LineString","coordinates":[[126.88204,37.590955],[126.874018,37.597867],[126.873101,37.59862],[126.872814,37.598843],[126.872579,37.599036],[126.871853,37.599659],[126.870303,37.600998],[126.86911,37.602067],[126.867759,37.603232],[126.867655,37.603321],[126.866842,37.60399],[126.866102,37.604624],[126.865675,37.604963],[126.865097,37.605392],[126.864566,37.605787],[126.864118,37.606077],[126.863756,37.606295],[126.863393,37.606489],[126.86309,37.606637],[126.862673,37.606827],[126.862281,37.606988],[126.861386,37.607341],[126.860768,37.607584],[126.860022,37.607882],[126.859588,37.608047],[126.859093,37.608239],[126.858829,37.60834]]}},{"type":"Feature","properties":{"line":"gyeongui","ref":"경의·중앙","name":"경의·중앙선: 용문 → 문산","color":"#77C4A3"},"geometry":{"type":"LineString","coordinates":[[126.858829,37.60834],[126.857857,37.60873],[126.857404,37.608917],[126.857224,37.609004]]}},{"type":"Feature","properties":{"line":"gyeongui","ref":"경의·중앙","name":"경의·중앙선: 용문 → 문산","color":"#77C4A3"},"geometry":{"type":"LineString","coordinates":[[126.857224,37.609004],[126.857085,37.609075],[126.856782,37.609234],[126.856511,37.609389],[126.856077,37.609674],[126.854923,37.610468],[126.854491,37.610762],[126.854085,37.611039],[126.853677,37.611299],[126.853223,37.611537],[126.852744,37.611746],[126.852435,37.611862],[126.852125,37.611969],[126.851715,37.612082],[126.851316,37.612182],[126.850685,37.612277],[126.850301,37.612319],[126.849954,37.612339],[126.849236,37.612366],[126.848599,37.612349]]}},{"type":"Feature","properties":{"line":"gyeongui","ref":"경의·중앙","name":"경의·중앙선: 용문 → 문산","color":"#77C4A3"},"geometry":{"type":"LineString","coordinates":[[126.848599,37.612349],[126.847233,37.612308],[126.846455,37.612288],[126.845333,37.612202],[126.844867,37.612169],[126.844285,37.612138],[126.843488,37.612113],[126.834189,37.611993],[126.83203,37.611958],[126.831552,37.611965],[126.831221,37.611975],[126.830915,37.611995],[126.830537,37.612038],[126.829901,37.612138],[126.829222,37.612327],[126.828898,37.612435],[126.828549,37.612575],[126.828196,37.612733],[126.827865,37.612903],[126.827574,37.613071],[126.827341,37.613228],[126.827123,37.613386],[126.826888,37.613568],[126.82658,37.613813],[126.82544,37.614751],[126.824502,37.615511],[126.824287,37.615689],[126.824018,37.615939]]}},{"type":"Feature","properties":{"line":"gyeongui","ref":"경의·중앙","name":"경의·중앙선: 용문 → 문산","color":"#77C4A3"},"geometry":{"type":"LineString","coordinates":[[126.824018,37.615939],[126.823645,37.616271]]}},{"type":"Feature","properties":{"line":"gyeongui","ref":"경의·중앙","name":"경의·중앙선: 용문 → 문산","color":"#77C4A3"},"geometry":{"type":"LineString","coordinates":[[126.823645,37.616271],[126.823555,37.616344]]}},{"type":"Feature","properties":{"line":"gyeongui","ref":"경의·중앙","name":"경의·중앙선: 용문 → 문산","color":"#77C4A3"},"geometry":{"type":"LineString","coordinates":[[126.823555,37.616344],[126.822776,37.616984],[126.82226,37.617386],[126.82213,37.617475],[126.821469,37.617939],[126.819746,37.619355],[126.818295,37.620527],[126.818112,37.620684],[126.81781,37.620953],[126.817478,37.621278],[126.817246,37.621498]]}},{"type":"Feature","properties":{"line":"gyeongui","ref":"경의·중앙","name":"경의·중앙선: 용문 → 문산","color":"#77C4A3"},"geometry":{"type":"LineString","coordinates":[[126.817246,37.621498],[126.815332,37.623085],[126.815046,37.623338],[126.814832,37.623556],[126.814654,37.62375],[126.814469,37.623976],[126.814295,37.624218],[126.81418,37.62439],[126.814045,37.624607],[126.813906,37.624832],[126.811748,37.628543]]}},{"type":"Feature","properties":{"line":"gyeongui","ref":"경의·중앙","name":"경의·중앙선: 용문 → 문산","color":"#77C4A3"},"geometry":{"type":"LineString","coordinates":[[126.811748,37.628543],[126.811383,37.629166],[126.811172,37.6295],[126.811042,37.629693],[126.810871,37.629941]]}},{"type":"Feature","properties":{"line":"gyeongui","ref":"경의·중앙","name":"경의·중앙선: 용문 → 문산","color":"#77C4A3"},"geometry":{"type":"LineString","coordinates":[[126.810871,37.629941],[126.810705,37.630182]]}},{"type":"Feature","properties":{"line":"gyeongui","ref":"경의·중앙","name":"경의·중앙선: 용문 → 문산","color":"#77C4A3"},"geometry":{"type":"LineString","coordinates":[[126.810705,37.630182],[126.810527,37.630478]]}},{"type":"Feature","properties":{"line":"gyeongui","ref":"경의·중앙","name":"경의·중앙선: 용문 → 문산","color":"#77C4A3"},"geometry":{"type":"LineString","coordinates":[[126.810527,37.630478],[126.809325,37.63254],[126.808415,37.634097]]}},{"type":"Feature","properties":{"line":"gyeongui","ref":"경의·중앙","name":"경의·중앙선: 용문 → 문산","color":"#77C4A3"},"geometry":{"type":"LineString","coordinates":[[126.808415,37.634097],[126.807853,37.635072],[126.807775,37.635227],[126.807689,37.635385],[126.807238,37.636346],[126.807099,37.636601],[126.806605,37.637453],[126.80515,37.639956],[126.802283,37.644885]]}},{"type":"Feature","properties":{"line":"gyeongui","ref":"경의·중앙","name":"경의·중앙선: 용문 → 문산","color":"#77C4A3"},"geometry":{"type":"LineString","coordinates":[[126.802283,37.644885],[126.802067,37.645258]]}},{"type":"Feature","properties":{"line":"gyeongui","ref":"경의·중앙","name":"경의·중앙선: 용문 → 문산","color":"#77C4A3"},"geometry":{"type":"LineString","coordinates":[[126.802067,37.645258],[126.801415,37.646377],[126.801325,37.646531],[126.797325,37.653323],[126.796841,37.654138],[126.796367,37.654949]]}},{"type":"Feature","properties":{"line":"gyeongui","ref":"경의·중앙","name":"경의·중앙선: 용문 → 문산","color":"#77C4A3"},"geometry":{"type":"LineString","coordinates":[[126.796367,37.654949],[126.795661,37.65616],[126.795408,37.656607],[126.795028,37.65733],[126.794183,37.658769],[126.794064,37.658972],[126.793734,37.659536],[126.793107,37.660587]]}},{"type":"Feature","properties":{"line":"gyeongui","ref":"경의·중앙","name":"경의·중앙선: 용문 → 문산","color":"#77C4A3"},"geometry":{"type":"LineString","coordinates":[[126.793107,37.660587],[126.792994,37.660779],[126.79297,37.660821],[126.792954,37.660848],[126.792515,37.661599],[126.790462,37.665116],[126.789747,37.666367]]}},{"type":"Feature","properties":{"line":"gyeongui","ref":"경의·중앙","name":"경의·중앙선: 용문 → 문산","color":"#77C4A3"},"geometry":{"type":"LineString","coordinates":[[126.789747,37.666367],[126.788579,37.668397],[126.787427,37.670356],[126.786762,37.671447],[126.785922,37.672869],[126.785828,37.673029],[126.785333,37.673996],[126.785149,37.674282],[126.784904,37.674624],[126.784664,37.674926],[126.784533,37.675076]]}},{"type":"Feature","properties":{"line":"gyeongui","ref":"경의·중앙","name":"경의·중앙선: 용문 → 문산","color":"#77C4A3"},"geometry":{"type":"LineString","coordinates":[[126.784533,37.675076],[126.784356,37.675279],[126.784094,37.675545],[126.783843,37.675755],[126.783482,37.676027],[126.783089,37.676291],[126.782618,37.676554],[126.78218,37.676773],[126.778494,37.678344],[126.777089,37.678959],[126.77637,37.679259]]}},{"type":"Feature","properties":{"line":"gyeongui","ref":"경의·중앙","name":"경의·중앙선: 용문 → 문산","color":"#77C4A3"},"geometry":{"type":"LineString","coordinates":[[126.77637,37.679259],[126.77615,37.679356]]}},{"type":"Feature","properties":{"line":"gyeongui","ref":"경의·중앙","name":"경의·중앙선: 용문 → 문산","color":"#77C4A3"},"geometry":{"type":"LineString","coordinates":[[126.77615,37.679356],[126.77516,37.679777],[126.774433,37.680093],[126.773647,37.680426],[126.773218,37.680586],[126.77244,37.680908],[126.7715,37.681315],[126.769854,37.682014]]}},{"type":"Feature","properties":{"line":"gyeongui","ref":"경의·중앙","name":"경의·중앙선: 용문 → 문산","color":"#77C4A3"},"geometry":{"type":"LineString","coordinates":[[126.769854,37.682014],[126.768767,37.682476],[126.767509,37.683024],[126.765656,37.683812],[126.765152,37.684035],[126.764585,37.684298],[126.764022,37.684597],[126.763451,37.684939],[126.76299,37.685274],[126.762577,37.685614],[126.762222,37.685971],[126.76196,37.686306],[126.761734,37.686652],[126.76154,37.686975]]}},{"type":"Feature","properties":{"line":"gyeongui","ref":"경의·중앙","name":"경의·중앙선: 용문 → 문산","color":"#77C4A3"},"geometry":{"type":"LineString","coordinates":[[126.76154,37.686975],[126.76145,37.687146],[126.761367,37.687316],[126.761255,37.687586]]}},{"type":"Feature","properties":{"line":"gyeongui","ref":"경의·중앙","name":"경의·중앙선: 용문 → 문산","color":"#77C4A3"},"geometry":{"type":"LineString","coordinates":[[126.761255,37.687586],[126.761193,37.687764],[126.761136,37.687966],[126.761072,37.688269],[126.761037,37.688526],[126.761022,37.688723],[126.760999,37.689295],[126.760971,37.689858],[126.760953,37.690503],[126.760953,37.690899],[126.760992,37.692163],[126.761003,37.692971]]}},{"type":"Feature","properties":{"line":"gyeongui","ref":"경의·중앙","name":"경의·중앙선: 용문 → 문산","color":"#77C4A3"},"geometry":{"type":"LineString","coordinates":[[126.761003,37.692971],[126.761013,37.694685],[126.761009,37.694894],[126.761052,37.696233],[126.761071,37.697276],[126.761083,37.698076],[126.761118,37.699025],[126.761134,37.699958],[126.76114,37.700772],[126.761081,37.703215],[126.761108,37.706201],[126.76112,37.708886],[126.761131,37.710775],[126.76116,37.711242],[126.761206,37.711673],[126.761286,37.712125],[126.761382,37.712555],[126.761508,37.712992],[126.761606,37.713265],[126.761684,37.713483],[126.761896,37.713992],[126.762527,37.715335],[126.762684,37.715675],[126.763133,37.716628],[126.763493,37.717505],[126.763889,37.718333],[126.764249,37.719159],[126.764792,37.720352],[126.765045,37.720921]]}},{"type":"Feature","properties":{"line":"gyeongui","ref":"경의·중앙","name":"경의·중앙선: 용문 → 문산","color":"#77C4A3"},"geometry":{"type":"LineString","coordinates":[[126.765045,37.720921],[126.765119,37.721091]]}},{"type":"Feature","properties":{"line":"gyeongui","ref":"경의·중앙","name":"경의·중앙선: 용문 → 문산","color":"#77C4A3"},"geometry":{"type":"LineString","coordinates":[[126.765119,37.721091],[126.765506,37.721964],[126.765589,37.722158],[126.766461,37.724118],[126.767443,37.726242],[126.767622,37.726642],[126.767861,37.727224],[126.768035,37.727633],[126.768465,37.728617],[126.768575,37.72885],[126.768919,37.729607],[126.771073,37.73444],[126.771121,37.734548]]}},{"type":"Feature","properties":{"line":"gyeongui","ref":"경의·중앙","name":"경의·중앙선: 용문 → 문산","color":"#77C4A3"},"geometry":{"type":"LineString","coordinates":[[126.771121,37.734548],[126.771311,37.734973]]}},{"type":"Feature","properties":{"line":"gyeongui","ref":"경의·중앙","name":"경의·중앙선: 용문 → 문산","color":"#77C4A3"},"geometry":{"type":"LineString","coordinates":[[126.771311,37.734973],[126.771633,37.73572],[126.771948,37.736414],[126.772212,37.737082],[126.772298,37.737357],[126.77233,37.737496],[126.772355,37.737657],[126.772368,37.737862],[126.772369,37.738062],[126.772361,37.738472],[126.772355,37.738623],[126.772337,37.738795],[126.772313,37.738963],[126.772276,37.739192],[126.77223,37.739417],[126.772103,37.739811],[126.772042,37.739975],[126.77198,37.740104],[126.771841,37.740374],[126.771506,37.740947],[126.770989,37.741857],[126.770708,37.74233],[126.76849,37.74602]]}},{"type":"Feature","properties":{"line":"gyeongui","ref":"경의·중앙","name":"경의·중앙선: 용문 → 문산","color":"#77C4A3"},"geometry":{"type":"LineString","coordinates":[[126.76849,37.74602],[126.766868,37.748751]]}},{"type":"Feature","properties":{"line":"gyeongui","ref":"경의·중앙","name":"경의·중앙선: 용문 → 문산","color":"#77C4A3"},"geometry":{"type":"LineString","coordinates":[[126.766868,37.748751],[126.766698,37.749038],[126.765933,37.750302],[126.765503,37.751054],[126.765152,37.751671],[126.765027,37.75189],[126.764965,37.751997],[126.764885,37.752152],[126.764796,37.752366],[126.764708,37.752598],[126.764598,37.752977],[126.764528,37.75327],[126.764488,37.753522],[126.764458,37.753825],[126.764453,37.754156],[126.764466,37.754411],[126.764525,37.75527],[126.76455,37.755639],[126.764595,37.756184],[126.764635,37.75658],[126.764771,37.758129]]}},{"type":"Feature","properties":{"line":"gyeongui","ref":"경의·중앙","name":"경의·중앙선: 용문 → 문산","color":"#77C4A3"},"geometry":{"type":"LineString","coordinates":[[126.764771,37.758129],[126.764891,37.759335],[126.764917,37.759513]]}},{"type":"Feature","properties":{"line":"gyeongui","ref":"경의·중앙","name":"경의·중앙선: 용문 → 문산","color":"#77C4A3"},"geometry":{"type":"LineString","coordinates":[[126.764917,37.759513],[126.764988,37.75985],[126.765086,37.760185],[126.765229,37.760539],[126.765381,37.760862],[126.765468,37.761023],[126.765585,37.761213],[126.765789,37.761504],[126.765983,37.761746],[126.766137,37.761922],[126.766315,37.762114],[126.766593,37.762376],[126.76685,37.762594],[126.767084,37.762773],[126.767345,37.762951],[126.767658,37.763144],[126.768071,37.763371],[126.768678,37.763657],[126.76926,37.763914],[126.770008,37.764245],[126.770487,37.764455],[126.770885,37.764633],[126.773499,37.765776]]}},{"type":"Feature","properties":{"line":"gyeongui","ref":"경의·중앙","name":"경의·중앙선: 용문 → 문산","color":"#77C4A3"},"geometry":{"type":"LineString","coordinates":[[126.773499,37.765776],[126.775359,37.7666],[126.775682,37.76667]]}},{"type":"Feature","properties":{"line":"gyeongui","ref":"경의·중앙","name":"경의·중앙선: 용문 → 문산","color":"#77C4A3"},"geometry":{"type":"LineString","coordinates":[[126.775682,37.76667],[126.778265,37.767802],[126.778947,37.768101],[126.779503,37.768343],[126.780713,37.768872],[126.780901,37.768959],[126.781309,37.76914],[126.781702,37.769304],[126.782205,37.769513],[126.782605,37.769673],[126.783045,37.769838],[126.784286,37.770298],[126.784606,37.770421],[126.784879,37.770536],[126.785093,37.77063],[126.785333,37.770743],[126.785581,37.770865],[126.785829,37.770998],[126.786054,37.771126],[126.786271,37.771268],[126.786492,37.771427],[126.786723,37.771609],[126.787009,37.771856],[126.787229,37.772062],[126.787439,37.772282],[126.787629,37.772507],[126.787802,37.772749],[126.78799,37.77305],[126.788179,37.773406],[126.788269,37.773605],[126.788349,37.773802],[126.788464,37.774128],[126.78851,37.77429],[126.788549,37.774454],[126.788604,37.774759],[126.788635,37.774987],[126.788651,37.775212],[126.788657,37.775518],[126.788645,37.775834],[126.788615,37.776272],[126.788576,37.776668],[126.788411,37.777858],[126.78837,37.778162],[126.78832,37.778539],[126.788244,37.779156],[126.788138,37.780003],[126.788055,37.780715],[126.787932,37.781661],[126.787792,37.782681]]}},{"type":"Feature","properties":{"line":"gyeongui","ref":"경의·중앙","name":"경의·중앙선: 용문 → 문산","color":"#77C4A3"},"geometry":{"type":"LineString","coordinates":[[126.787792,37.782681],[126.787742,37.783376],[126.787751,37.783802],[126.787774,37.784048],[126.787816,37.78431],[126.787894,37.784666]]}},{"type":"Feature","properties":{"line":"gyeongui","ref":"경의·중앙","name":"경의·중앙선: 용문 → 문산","color":"#77C4A3"},"geometry":{"type":"LineString","coordinates":[[126.787894,37.784666],[126.787963,37.784975],[126.788126,37.785503],[126.789144,37.787783],[126.78949,37.788688],[126.789972,37.78992],[126.79021,37.790519],[126.790309,37.790754],[126.790515,37.791215]]}},{"type":"Feature","properties":{"line":"gyeongui","ref":"경의·중앙","name":"경의·중앙선: 용문 → 문산","color":"#77C4A3"},"geometry":{"type":"LineString","coordinates":[[126.790515,37.791215],[126.790614,37.791431]]}},{"type":"Feature","properties":{"line":"gyeongui","ref":"경의·중앙","name":"경의·중앙선: 용문 → 문산","color":"#77C4A3"},"geometry":{"type":"LineString","coordinates":[[126.790614,37.791431],[126.79077,37.79176],[126.790811,37.791857],[126.790908,37.792086],[126.79109,37.792553],[126.791274,37.793077],[126.7914,37.793396],[126.791583,37.793861],[126.792136,37.795229],[126.792909,37.797155],[126.793026,37.797427],[126.79332,37.798113],[126.793483,37.798524],[126.793752,37.799221],[126.793852,37.799465],[126.794059,37.799941],[126.7941,37.800033]]}},{"type":"Feature","properties":{"line":"gyeongui","ref":"경의·중앙","name":"경의·중앙선: 용문 → 문산","color":"#77C4A3"},"geometry":{"type":"LineString","coordinates":[[126.7941,37.800033],[126.794772,37.801679]]}},{"type":"Feature","properties":{"line":"gyeongui","ref":"경의·중앙","name":"경의·중앙선: 용문 → 문산","color":"#77C4A3"},"geometry":{"type":"LineString","coordinates":[[126.794772,37.801679],[126.79501,37.802269],[126.79512,37.802553],[126.795202,37.802838],[126.795279,37.803208],[126.795326,37.803533],[126.795349,37.803841],[126.795339,37.804223],[126.795292,37.804649],[126.795168,37.805247],[126.795007,37.805853],[126.794782,37.806628],[126.794627,37.807179],[126.794262,37.808459],[126.793614,37.810796],[126.793528,37.811104]]}},{"type":"Feature","properties":{"line":"gyeongui","ref":"경의·중앙","name":"경의·중앙선: 용문 → 문산","color":"#77C4A3"},"geometry":{"type":"LineString","coordinates":[[126.793528,37.811104],[126.79346,37.811356],[126.792998,37.812907],[126.792923,37.813174]]}},{"type":"Feature","properties":{"line":"gyeongui","ref":"경의·중앙","name":"경의·중앙선: 용문 → 문산","color":"#77C4A3"},"geometry":{"type":"LineString","coordinates":[[126.792923,37.813174],[126.792663,37.814119]]}},{"type":"Feature","properties":{"line":"gyeongui","ref":"경의·중앙","name":"경의·중앙선: 용문 → 문산","color":"#77C4A3"},"geometry":{"type":"LineString","coordinates":[[126.792663,37.814119],[126.792516,37.814653],[126.79221,37.81573],[126.79177,37.817276],[126.791624,37.817791],[126.791555,37.818136],[126.791509,37.818368],[126.791359,37.819123],[126.790828,37.820953],[126.790374,37.822599],[126.789875,37.824371],[126.789534,37.825588],[126.789261,37.826584],[126.788933,37.827708],[126.78864,37.828715],[126.788347,37.829669]]}},{"type":"Feature","properties":{"line":"gyeongui","ref":"경의·중앙","name":"경의·중앙선: 용문 → 문산","color":"#77C4A3"},"geometry":{"type":"LineString","coordinates":[[126.788347,37.829669],[126.788302,37.829841]]}},{"type":"Feature","properties":{"line":"gyeongui","ref":"경의·중앙","name":"경의·중앙선: 용문 → 문산","color":"#77C4A3"},"geometry":{"type":"LineString","coordinates":[[126.788302,37.829841],[126.787942,37.831175],[126.78784,37.831689],[126.787751,37.832342],[126.787719,37.832996],[126.787681,37.834293],[126.787633,37.835643],[126.787602,37.836625],[126.787607,37.837663],[126.787607,37.838634],[126.787613,37.839947],[126.787597,37.84082],[126.78759,37.841645],[126.787619,37.843007],[126.787618,37.843996],[126.78761,37.84456],[126.787631,37.845485],[126.787663,37.846277],[126.787686,37.846911],[126.787713,37.847532],[126.787722,37.847738]]}},{"type":"Feature","properties":{"line":"gyeongui","ref":"경의·중앙","name":"경의·중앙선: 용문 → 문산","color":"#77C4A3"},"geometry":{"type":"LineString","coordinates":[[126.787722,37.847738],[126.787738,37.848217]]}},{"type":"Feature","properties":{"line":"gyeongui","ref":"경의·중앙","name":"경의·중앙선: 용문 → 문산","color":"#77C4A3"},"geometry":{"type":"LineString","coordinates":[[126.787738,37.848217],[126.787751,37.848545],[126.787757,37.84867],[126.787793,37.849327],[126.787826,37.850038],[126.78783,37.850309],[126.78783,37.850384],[126.78783,37.850675]]}},{"type":"Feature","properties":{"line":"gyeongui","ref":"경의·중앙","name":"경의·중앙선: 용문 → 문산","color":"#77C4A3"},"geometry":{"type":"LineString","coordinates":[[126.78783,37.850675],[126.787829,37.850913],[126.787852,37.851436]]}},{"type":"Feature","properties":{"line":"gyeongui","ref":"경의·중앙","name":"경의·중앙선: 용문 → 문산","color":"#77C4A3"},"geometry":{"type":"LineString","coordinates":[[126.787852,37.851436],[126.787865,37.851841],[126.787904,37.852686],[126.787918,37.853517],[126.787947,37.854065],[126.787967,37.854509],[126.787969,37.854851],[126.787989,37.855307]]}},{"type":"Feature","properties":{"line":"gyeongui","ref":"경의·중앙","name":"경의·중앙선: 문산 → 용문","color":"#77C4A3"},"geometry":{"type":"LineString","coordinates":[[126.787986,37.853626],[126.787957,37.85293],[126.787937,37.852471],[126.787927,37.852062],[126.787906,37.85153],[126.787901,37.851433]]}},{"type":"Feature","properties":{"line":"gyeongui","ref":"경의·중앙","name":"경의·중앙선: 문산 → 용문","color":"#77C4A3"},"geometry":{"type":"LineString","coordinates":[[126.787901,37.851433],[126.787884,37.851041],[126.787877,37.850679]]}},{"type":"Feature","properties":{"line":"gyeongui","ref":"경의·중앙","name":"경의·중앙선: 문산 → 용문","color":"#77C4A3"},"geometry":{"type":"LineString","coordinates":[[126.787877,37.850679],[126.787884,37.850062],[126.787869,37.84974],[126.787825,37.849067],[126.787779,37.848229]]}},{"type":"Feature","properties":{"line":"gyeongui","ref":"경의·중앙","name":"경의·중앙선: 문산 → 용문","color":"#77C4A3"},"geometry":{"type":"LineString","coordinates":[[126.787779,37.848229],[126.787765,37.847746]]}},{"type":"Feature","properties":{"line":"gyeongui","ref":"경의·중앙","name":"경의·중앙선: 문산 → 용문","color":"#77C4A3"},"geometry":{"type":"LineString","coordinates":[[126.787765,37.847746],[126.787762,37.847456],[126.787732,37.846694],[126.787711,37.845948],[126.787676,37.844976],[126.787665,37.844156],[126.787669,37.842628],[126.787653,37.841591],[126.787666,37.840615],[126.787669,37.839601],[126.787661,37.83865],[126.787663,37.837419],[126.787653,37.836156],[126.787722,37.834529],[126.787763,37.83309],[126.787795,37.832593],[126.78782,37.83218],[126.787844,37.831941],[126.787953,37.831384],[126.788083,37.830783],[126.78836,37.829849]]}},{"type":"Feature","properties":{"line":"gyeongui","ref":"경의·중앙","name":"경의·중앙선: 문산 → 용문","color":"#77C4A3"},"geometry":{"type":"LineString","coordinates":[[126.78836,37.829849],[126.788413,37.829683]]}},{"type":"Feature","properties":{"line":"gyeongui","ref":"경의·중앙","name":"경의·중앙선: 문산 → 용문","color":"#77C4A3"},"geometry":{"type":"LineString","coordinates":[[126.788413,37.829683],[126.788434,37.829602],[126.78872,37.828589],[126.78893,37.827907],[126.789048,37.827496],[126.78923,37.826852],[126.78942,37.826212],[126.789528,37.825797],[126.789689,37.825223],[126.789927,37.824348],[126.790045,37.823935],[126.790236,37.823284],[126.790431,37.822615],[126.790582,37.821996],[126.790791,37.821307],[126.790976,37.820625],[126.791244,37.819716],[126.791459,37.81896],[126.791494,37.818798],[126.791636,37.818151],[126.791727,37.817798],[126.791829,37.817258],[126.792159,37.816108],[126.792438,37.815101],[126.792681,37.814238],[126.792711,37.814128]]}},{"type":"Feature","properties":{"line":"gyeongui","ref":"경의·중앙","name":"경의·중앙선: 문산 → 용문","color":"#77C4A3"},"geometry":{"type":"LineString","coordinates":[[126.792711,37.814128],[126.7928,37.81383],[126.792973,37.813189]]}},{"type":"Feature","properties":{"line":"gyeongui","ref":"경의·중앙","name":"경의·중앙선: 문산 → 용문","color":"#77C4A3"},"geometry":{"type":"LineString","coordinates":[[126.792973,37.813189],[126.793034,37.812973],[126.793043,37.812938],[126.793044,37.812936],[126.793294,37.812084],[126.793426,37.811613],[126.793567,37.811109]]}},{"type":"Feature","properties":{"line":"gyeongui","ref":"경의·중앙","name":"경의·중앙선: 문산 → 용문","color":"#77C4A3"},"geometry":{"type":"LineString","coordinates":[[126.793567,37.811109],[126.793784,37.810342],[126.794061,37.809374],[126.794358,37.808314],[126.794618,37.807454],[126.794854,37.806566],[126.79505,37.80586],[126.795246,37.805193],[126.795329,37.804807],[126.795386,37.804421],[126.795393,37.804295],[126.795395,37.804214],[126.7954,37.80388],[126.795384,37.803568],[126.795337,37.803227],[126.795267,37.802897],[126.795171,37.80257],[126.795001,37.802103],[126.794824,37.801664]]}},{"type":"Feature","properties":{"line":"gyeongui","ref":"경의·중앙","name":"경의·중앙선: 문산 → 용문","color":"#77C4A3"},"geometry":{"type":"LineString","coordinates":[[126.794824,37.801664],[126.794146,37.800022]]}},{"type":"Feature","properties":{"line":"gyeongui","ref":"경의·중앙","name":"경의·중앙선: 문산 → 용문","color":"#77C4A3"},"geometry":{"type":"LineString","coordinates":[[126.794146,37.800022],[126.794106,37.799924],[126.793798,37.799203],[126.793532,37.798509],[126.793369,37.798101],[126.793004,37.797267],[126.792297,37.795501],[126.79219,37.795232],[126.791959,37.794679],[126.791587,37.793752],[126.791337,37.793103],[126.791162,37.792616],[126.791003,37.792206],[126.790926,37.792022],[126.790853,37.791849],[126.790796,37.791713],[126.790656,37.791414],[126.790451,37.790958],[126.790316,37.79065],[126.790123,37.790168],[126.789567,37.788745],[126.789192,37.787774],[126.788195,37.785514],[126.78801,37.784959],[126.787939,37.784655]]}},{"type":"Feature","properties":{"line":"gyeongui","ref":"경의·중앙","name":"경의·중앙선: 문산 → 용문","color":"#77C4A3"},"geometry":{"type":"LineString","coordinates":[[126.787939,37.784655],[126.787864,37.784319],[126.787835,37.784155],[126.787799,37.783852],[126.787786,37.783366],[126.78784,37.782691]]}},{"type":"Feature","properties":{"line":"gyeongui","ref":"경의·중앙","name":"경의·중앙선: 문산 → 용문","color":"#77C4A3"},"geometry":{"type":"LineString","coordinates":[[126.78784,37.782691],[126.787986,37.781581],[126.788103,37.78068],[126.788227,37.779633],[126.788297,37.779071],[126.788358,37.778555],[126.788621,37.776629],[126.788653,37.77631],[126.78869,37.77586],[126.788701,37.775528],[126.788696,37.775243],[126.78868,37.774998],[126.788648,37.774756],[126.788607,37.774527],[126.788568,37.774342],[126.788508,37.774122],[126.788416,37.773862],[126.788314,37.773602],[126.788214,37.773391],[126.788076,37.773125],[126.787933,37.772885],[126.787742,37.772598],[126.787553,37.772357],[126.787292,37.772072],[126.786857,37.771673],[126.786531,37.771407],[126.786213,37.771182],[126.785942,37.771016],[126.785668,37.770869],[126.785312,37.770691],[126.785102,37.770593],[126.784771,37.770451],[126.784335,37.770279],[126.783468,37.769958],[126.782918,37.769751],[126.782408,37.769551],[126.78184,37.769322],[126.781355,37.769124],[126.780919,37.768927],[126.780161,37.768594],[126.779522,37.768312],[126.778961,37.768065],[126.778239,37.767749],[126.77615,37.766837],[126.775701,37.766637]]}},{"type":"Feature","properties":{"line":"gyeongui","ref":"경의·중앙","name":"경의·중앙선: 문산 → 용문","color":"#77C4A3"},"geometry":{"type":"LineString","coordinates":[[126.775701,37.766637],[126.773731,37.765834],[126.773524,37.765742]]}},{"type":"Feature","properties":{"line":"gyeongui","ref":"경의·중앙","name":"경의·중앙선: 문산 → 용문","color":"#77C4A3"},"geometry":{"type":"LineString","coordinates":[[126.773524,37.765742],[126.77091,37.764605],[126.770508,37.764427],[126.769381,37.763925],[126.768638,37.763591],[126.768053,37.763316],[126.767667,37.763095],[126.767361,37.762919],[126.767125,37.762754],[126.766891,37.762569],[126.766655,37.76237],[126.766403,37.762139],[126.766194,37.761919],[126.76599,37.761687],[126.765805,37.761452],[126.765636,37.761208],[126.765494,37.760985],[126.765314,37.760629],[126.765151,37.760233],[126.765018,37.759783],[126.764966,37.759511]]}},{"type":"Feature","properties":{"line":"gyeongui","ref":"경의·중앙","name":"경의·중앙선: 문산 → 용문","color":"#77C4A3"},"geometry":{"type":"LineString","coordinates":[[126.764966,37.759511],[126.764944,37.759365],[126.764883,37.758834],[126.76482,37.758128]]}},{"type":"Feature","properties":{"line":"gyeongui","ref":"경의·중앙","name":"경의·중앙선: 문산 → 용문","color":"#77C4A3"},"geometry":{"type":"LineString","coordinates":[[126.76482,37.758128],[126.764778,37.757658],[126.764679,37.756572],[126.764601,37.755688],[126.764572,37.755189],[126.764521,37.754574],[126.764502,37.754108],[126.764515,37.753764],[126.764553,37.753431],[126.764604,37.753166],[126.764673,37.752888],[126.764778,37.752559],[126.764901,37.752243],[126.764982,37.75207],[126.765065,37.751909],[126.765193,37.751685],[126.765544,37.751067],[126.765799,37.750615],[126.766262,37.749853],[126.766694,37.749141],[126.766914,37.748768]]}},{"type":"Feature","properties":{"line":"gyeongui","ref":"경의·중앙","name":"경의·중앙선: 문산 → 용문","color":"#77C4A3"},"geometry":{"type":"LineString","coordinates":[[126.766914,37.748768],[126.768533,37.746034]]}},{"type":"Feature","properties":{"line":"gyeongui","ref":"경의·중앙","name":"경의·중앙선: 문산 → 용문","color":"#77C4A3"},"geometry":{"type":"LineString","coordinates":[[126.768533,37.746034],[126.770742,37.742353],[126.771032,37.741875],[126.771873,37.740402],[126.77199,37.740183],[126.77208,37.739984],[126.772145,37.739821],[126.772291,37.739352],[126.772322,37.739205],[126.772352,37.739033],[126.77238,37.738846],[126.772404,37.738622],[126.772419,37.738031],[126.772416,37.737876],[126.772402,37.737683],[126.77238,37.73752],[126.772359,37.737412],[126.77227,37.737122],[126.771998,37.736411],[126.771689,37.735734],[126.771361,37.73496]]}},{"type":"Feature","properties":{"line":"gyeongui","ref":"경의·중앙","name":"경의·중앙선: 문산 → 용문","color":"#77C4A3"},"geometry":{"type":"LineString","coordinates":[[126.771361,37.73496],[126.771289,37.734803],[126.771168,37.734534]]}},{"type":"Feature","properties":{"line":"gyeongui","ref":"경의·중앙","name":"경의·중앙선: 문산 → 용문","color":"#77C4A3"},"geometry":{"type":"LineString","coordinates":[[126.771168,37.734534],[126.76897,37.729596],[126.768869,37.729363],[126.768509,37.728605],[126.768075,37.727607],[126.767668,37.726625],[126.766724,37.724577],[126.766514,37.724121],[126.765642,37.722149],[126.7653,37.721391],[126.765159,37.721078]]}},{"type":"Feature","properties":{"line":"gyeongui","ref":"경의·중앙","name":"경의·중앙선: 문산 → 용문","color":"#77C4A3"},"geometry":{"type":"LineString","coordinates":[[126.765159,37.721078],[126.765088,37.720911]]}},{"type":"Feature","properties":{"line":"gyeongui","ref":"경의·중앙","name":"경의·중앙선: 문산 → 용문","color":"#77C4A3"},"geometry":{"type":"LineString","coordinates":[[126.765088,37.720911],[126.764836,37.720337],[126.764221,37.718962],[126.763943,37.718329],[126.763551,37.717512],[126.763179,37.716613],[126.762737,37.715664],[126.762584,37.715338],[126.761947,37.713979],[126.761735,37.713473],[126.761564,37.712999],[126.761431,37.712549],[126.761335,37.712108],[126.76126,37.711679],[126.76121,37.711227],[126.76118,37.710774],[126.761169,37.708888],[126.761159,37.706201],[126.761132,37.703221],[126.761197,37.70077],[126.76119,37.699962],[126.761167,37.699031],[126.761134,37.698079],[126.76112,37.697279],[126.761102,37.696238],[126.761055,37.694868],[126.761048,37.693117],[126.76105,37.692969]]}},{"type":"Feature","properties":{"line":"gyeongui","ref":"경의·중앙","name":"경의·중앙선: 문산 → 용문","color":"#77C4A3"},"geometry":{"type":"LineString","coordinates":[[126.76105,37.692969],[126.761043,37.692166],[126.76101,37.690691],[126.76101,37.690212],[126.761024,37.689722],[126.761054,37.689216],[126.761094,37.688588],[126.761152,37.688229],[126.761211,37.687987],[126.761292,37.687742],[126.76134,37.687605]]}},{"type":"Feature","properties":{"line":"gyeongui","ref":"경의·중앙","name":"경의·중앙선: 문산 → 용문","color":"#77C4A3"},"geometry":{"type":"LineString","coordinates":[[126.76134,37.687605],[126.761465,37.68732],[126.761629,37.687006]]}},{"type":"Feature","properties":{"line":"gyeongui","ref":"경의·중앙","name":"경의·중앙선: 문산 → 용문","color":"#77C4A3"},"geometry":{"type":"LineString","coordinates":[[126.761629,37.687006],[126.761791,37.686741],[126.761978,37.686469],[126.762231,37.686123],[126.762542,37.68579],[126.762955,37.685448],[126.76337,37.685128],[126.763824,37.684841],[126.764467,37.684489],[126.764916,37.684268],[126.765536,37.683993],[126.765733,37.683906]]}},{"type":"Feature","properties":{"line":"gyeongui","ref":"경의·중앙","name":"경의·중앙선: 문산 → 용문","color":"#77C4A3"},"geometry":{"type":"LineString","coordinates":[[126.765733,37.683906],[126.767573,37.683124],[126.768833,37.682575],[126.769918,37.682109]]}},{"type":"Feature","properties":{"line":"gyeongui","ref":"경의·중앙","name":"경의·중앙선: 문산 → 용문","color":"#77C4A3"},"geometry":{"type":"LineString","coordinates":[[126.769918,37.682109],[126.771551,37.68141],[126.772636,37.680944],[126.773857,37.680384],[126.77438,37.680159],[126.775184,37.679813]]}},{"type":"Feature","properties":{"line":"gyeongui","ref":"경의·중앙","name":"경의·중앙선: 문산 → 용문","color":"#77C4A3"},"geometry":{"type":"LineString","coordinates":[[126.775184,37.679813],[126.775388,37.679726]]}},{"type":"Feature","properties":{"line":"gyeongui","ref":"경의·중앙","name":"경의·중앙선: 문산 → 용문","color":"#77C4A3"},"geometry":{"type":"LineString","coordinates":[[126.775388,37.679726],[126.777132,37.678987],[126.778518,37.67838],[126.782199,37.676807],[126.782604,37.676611],[126.782956,37.676421],[126.783232,37.676251],[126.783558,37.676036],[126.783866,37.675796],[126.784094,37.675611],[126.784301,37.675405],[126.784467,37.675225],[126.784562,37.675111]]}},{"type":"Feature","properties":{"line":"gyeongui","ref":"경의·중앙","name":"경의·중앙선: 문산 → 용문","color":"#77C4A3"},"geometry":{"type":"LineString","coordinates":[[126.784562,37.675111],[126.784664,37.674998],[126.784848,37.674775],[126.785053,37.674495],[126.785304,37.674134],[126.785861,37.673044],[126.786704,37.671611],[126.786793,37.671456],[126.787486,37.670353],[126.787992,37.66951],[126.788609,37.668443],[126.789793,37.666382]]}},{"type":"Feature","properties":{"line":"gyeongui","ref":"경의·중앙","name":"경의·중앙선: 문산 → 용문","color":"#77C4A3"},"geometry":{"type":"LineString","coordinates":[[126.789793,37.666382],[126.790509,37.665129],[126.792554,37.661619],[126.7928,37.661205],[126.792994,37.660868],[126.793012,37.660837],[126.793033,37.660801],[126.793146,37.660609]]}},{"type":"Feature","properties":{"line":"gyeongui","ref":"경의·중앙","name":"경의·중앙선: 문산 → 용문","color":"#77C4A3"},"geometry":{"type":"LineString","coordinates":[[126.793146,37.660609],[126.793778,37.659551],[126.794094,37.65901],[126.794922,37.657598],[126.795065,37.657352],[126.796409,37.654968]]}},{"type":"Feature","properties":{"line":"gyeongui","ref":"경의·중앙","name":"경의·중앙선: 문산 → 용문","color":"#77C4A3"},"geometry":{"type":"LineString","coordinates":[[126.796409,37.654968],[126.796513,37.654791],[126.797365,37.653331],[126.801368,37.646546],[126.802108,37.645275]]}},{"type":"Feature","properties":{"line":"gyeongui","ref":"경의·중앙","name":"경의·중앙선: 문산 → 용문","color":"#77C4A3"},"geometry":{"type":"LineString","coordinates":[[126.802108,37.645275],[126.80218,37.645153],[126.802327,37.644904]]}},{"type":"Feature","properties":{"line":"gyeongui","ref":"경의·중앙","name":"경의·중앙선: 문산 → 용문","color":"#77C4A3"},"geometry":{"type":"LineString","coordinates":[[126.802327,37.644904],[126.805195,37.639971],[126.807024,37.636825],[126.807142,37.636622],[126.807301,37.63637],[126.807936,37.635476],[126.808042,37.635312],[126.808138,37.635155],[126.808397,37.634699],[126.808737,37.634125]]}},{"type":"Feature","properties":{"line":"gyeongui","ref":"경의·중앙","name":"경의·중앙선: 문산 → 용문","color":"#77C4A3"},"geometry":{"type":"LineString","coordinates":[[126.808737,37.634125],[126.810375,37.631333],[126.810801,37.630601]]}},{"type":"Feature","properties":{"line":"gyeongui","ref":"경의·중앙","name":"경의·중앙선: 문산 → 용문","color":"#77C4A3"},"geometry":{"type":"LineString","coordinates":[[126.810801,37.630601],[126.810979,37.630293]]}},{"type":"Feature","properties":{"line":"gyeongui","ref":"경의·중앙","name":"경의·중앙선: 문산 → 용문","color":"#77C4A3"},"geometry":{"type":"LineString","coordinates":[[126.810979,37.630293],[126.811054,37.630146],[126.811348,37.629549],[126.811561,37.629167]]}},{"type":"Feature","properties":{"line":"gyeongui","ref":"경의·중앙","name":"경의·중앙선: 문산 → 용문","color":"#77C4A3"},"geometry":{"type":"LineString","coordinates":[[126.811561,37.629167],[126.814063,37.624879],[126.814195,37.624658],[126.814323,37.624456],[126.814437,37.624278],[126.814612,37.624047],[126.814793,37.623822],[126.81496,37.623646],[126.815175,37.623424],[126.815452,37.623171],[126.816822,37.622031]]}},{"type":"Feature","properties":{"line":"gyeongui","ref":"경의·중앙","name":"경의·중앙선: 문산 → 용문","color":"#77C4A3"},"geometry":{"type":"LineString","coordinates":[[126.816822,37.622031],[126.817335,37.621641]]}},{"type":"Feature","properties":{"line":"gyeongui","ref":"경의·중앙","name":"경의·중앙선: 문산 → 용문","color":"#77C4A3"},"geometry":{"type":"LineString","coordinates":[[126.817335,37.621641],[126.817387,37.621602],[126.818192,37.621054],[126.818487,37.620826],[126.818785,37.620584]]}},{"type":"Feature","properties":{"line":"gyeongui","ref":"경의·중앙","name":"경의·중앙선: 문산 → 용문","color":"#77C4A3"},"geometry":{"type":"LineString","coordinates":[[126.819955,37.619634],[126.818785,37.620584]]}},{"type":"Feature","properties":{"line":"gyeongui","ref":"경의·중앙","name":"경의·중앙선: 문산 → 용문","color":"#77C4A3"},"geometry":{"type":"LineString","coordinates":[[126.819955,37.619634],[126.821337,37.618507],[126.821738,37.618181],[126.822289,37.617655],[126.822422,37.617527],[126.822909,37.617108],[126.823324,37.61678],[126.823701,37.616472]]}},{"type":"Feature","properties":{"line":"gyeongui","ref":"경의·중앙","name":"경의·중앙선: 문산 → 용문","color":"#77C4A3"},"geometry":{"type":"LineString","coordinates":[[126.823701,37.616472],[126.823721,37.616456]]}},{"type":"Feature","properties":{"line":"gyeongui","ref":"경의·중앙","name":"경의·중앙선: 문산 → 용문","color":"#77C4A3"},"geometry":{"type":"LineString","coordinates":[[126.823721,37.616456],[126.824218,37.616087]]}},{"type":"Feature","properties":{"line":"gyeongui","ref":"경의·중앙","name":"경의·중앙선: 문산 → 용문","color":"#77C4A3"},"geometry":{"type":"LineString","coordinates":[[126.824218,37.616087],[126.824652,37.61576],[126.825536,37.61503],[126.827112,37.613764],[126.827368,37.613581],[126.827584,37.61343],[126.827816,37.613289],[126.82809,37.613134],[126.828395,37.612983],[126.828723,37.612834],[126.82904,37.612709],[126.829382,37.612595],[126.829801,37.612478],[126.830257,37.612377],[126.830592,37.612322],[126.83096,37.612276],[126.831202,37.612258],[126.831558,37.612238],[126.832005,37.612234],[126.834193,37.612261],[126.843676,37.61238],[126.844691,37.612429],[126.84555,37.612484],[126.84667,37.612524],[126.847689,37.612537],[126.849286,37.612581],[126.850201,37.612603],[126.850837,37.612589],[126.851341,37.612533],[126.851803,37.612441],[126.852368,37.612274],[126.852826,37.612086],[126.853335,37.611808],[126.853862,37.611441],[126.853986,37.611346]]}},{"type":"Feature","properties":{"line":"gyeongui","ref":"경의·중앙","name":"경의·중앙선: 문산 → 용문","color":"#77C4A3"},"geometry":{"type":"LineString","coordinates":[[126.853986,37.611346],[126.855212,37.610379],[126.855611,37.610081],[126.856075,37.609769]]}},{"type":"Feature","properties":{"line":"gyeongui","ref":"경의·중앙","name":"경의·중앙선: 문산 → 용문","color":"#77C4A3"},"geometry":{"type":"LineString","coordinates":[[126.856075,37.609769],[126.856463,37.609525],[126.856845,37.609308],[126.857271,37.609093]]}},{"type":"Feature","properties":{"line":"gyeongui","ref":"경의·중앙","name":"경의·중앙선: 문산 → 용문","color":"#77C4A3"},"geometry":{"type":"LineString","coordinates":[[126.857271,37.609093],[126.857634,37.608925],[126.858894,37.608409]]}},{"type":"Feature","properties":{"line":"gyeongui","ref":"경의·중앙","name":"경의·중앙선: 문산 → 용문","color":"#77C4A3"},"geometry":{"type":"LineString","coordinates":[[126.858894,37.608409],[126.859262,37.608269],[126.859436,37.608195],[126.860483,37.607778],[126.861266,37.607459],[126.862469,37.606984],[126.86291,37.606793],[126.863317,37.606601],[126.863714,37.606389],[126.864012,37.606209],[126.864307,37.606023],[126.864584,37.605838],[126.865098,37.60546],[126.86572,37.604986],[126.866117,37.604665],[126.866367,37.604451],[126.867692,37.603346],[126.868427,37.602711],[126.86895,37.60226],[126.869137,37.602098],[126.870338,37.601027],[126.872387,37.599261],[126.872642,37.599041],[126.872911,37.598821],[126.874014,37.597929],[126.874239,37.597739],[126.875791,37.596396],[126.880763,37.592112],[126.882066,37.590988]]}},{"type":"Feature","properties":{"line":"gyeongui","ref":"경의·중앙","name":"경의·중앙선: 문산 → 용문","color":"#77C4A3"},"geometry":{"type":"LineString","coordinates":[[126.882066,37.590988],[126.886104,37.587519],[126.886955,37.586781],[126.887071,37.586685],[126.887823,37.58605],[126.887904,37.585981],[126.888735,37.585279],[126.889026,37.585058],[126.889307,37.584859],[126.889767,37.58455],[126.890463,37.584076],[126.890855,37.583807],[126.893964,37.581721],[126.895044,37.580998],[126.8955,37.580689]]}},{"type":"Feature","properties":{"line":"gyeongui","ref":"경의·중앙","name":"경의·중앙선: 문산 → 용문","color":"#77C4A3"},"geometry":{"type":"LineString","coordinates":[[126.8955,37.580689],[126.896317,37.580135],[126.896406,37.580075],[126.898027,37.578983],[126.898574,37.578614],[126.899305,37.578122],[126.899434,37.578035],[126.900855,37.577083],[126.901123,37.576904],[126.901386,37.576728],[126.90214,37.576228]]}},{"type":"Feature","properties":{"line":"gyeongui","ref":"경의·중앙","name":"경의·중앙선: 문산 → 용문","color":"#77C4A3"},"geometry":{"type":"LineString","coordinates":[[126.90214,37.576228],[126.902553,37.575928]]}},{"type":"Feature","properties":{"line":"gyeongui","ref":"경의·중앙","name":"경의·중앙선: 문산 → 용문","color":"#77C4A3"},"geometry":{"type":"LineString","coordinates":[[126.902553,37.575928],[126.902648,37.575858],[126.902785,37.575757],[126.903054,37.575559],[126.904032,37.574815],[126.905192,37.573993]]}},{"type":"Feature","properties":{"line":"gyeongui","ref":"경의·중앙","name":"경의·중앙선: 문산 → 용문","color":"#77C4A3"},"geometry":{"type":"LineString","coordinates":[[126.905192,37.573993],[126.906769,37.572819],[126.908231,37.5717],[126.908822,37.571319],[126.909431,37.571015],[126.911488,37.570085],[126.914996,37.568527]]}},{"type":"Feature","properties":{"line":"gyeongui","ref":"경의·중앙","name":"경의·중앙선: 문산 → 용문","color":"#77C4A3"},"geometry":{"type":"LineString","coordinates":[[126.914996,37.568527],[126.915556,37.568279],[126.916135,37.568022],[126.918154,37.567179],[126.918538,37.567013],[126.918838,37.566841],[126.919118,37.56664],[126.919365,37.566416],[126.919566,37.566198],[126.921231,37.564096],[126.923768,37.560915],[126.924979,37.559385],[126.92556,37.558636],[126.925929,37.55822],[126.926245,37.557918],[126.926462,37.557739],[126.926753,37.557541],[126.927164,37.557306],[126.927547,37.557122],[126.927852,37.55698],[126.929721,37.55611],[126.930104,37.55592],[126.930117,37.555913],[126.930453,37.555728],[126.93077,37.555532],[126.931026,37.555365],[126.931306,37.555168],[126.932081,37.554613],[126.932508,37.554306],[126.933102,37.553881],[126.933614,37.553515],[126.933741,37.553419],[126.935758,37.551983],[126.93698,37.551111],[126.937193,37.550927],[126.937523,37.550654],[126.937765,37.550361],[126.938241,37.549686],[126.939134,37.548574],[126.939358,37.548308],[126.939608,37.548058],[126.939933,37.547771],[126.940286,37.5475],[126.940407,37.547415],[126.940513,37.547346],[126.940653,37.547264],[126.940787,37.547187],[126.940973,37.547091],[126.941285,37.546948],[126.94151,37.546858],[126.942002,37.546673],[126.942277,37.546581],[126.943345,37.54628],[126.944208,37.546037],[126.944479,37.545946],[126.944766,37.54585],[126.945079,37.545735],[126.945375,37.545614],[126.94566,37.545496],[126.945923,37.545374],[126.950024,37.543526],[126.953374,37.541976],[126.954042,37.541667],[126.954561,37.541429],[126.955029,37.541201],[126.955465,37.540953],[126.956311,37.540441],[126.956634,37.540258],[126.956864,37.54014],[126.957204,37.539995],[126.95762,37.539836],[126.9582,37.539663],[126.960069,37.539219],[126.963545,37.53836],[126.963941,37.538263]]}},{"type":"Feature","properties":{"line":"gyeongui","ref":"경의·중앙","name":"경의·중앙선: 문산 → 용문","color":"#77C4A3"},"geometry":{"type":"LineString","coordinates":[[126.963941,37.538263],[126.964907,37.538024],[126.965484,37.537872],[126.96622,37.537625],[126.966736,37.537381],[126.967129,37.537139],[126.967396,37.536922],[126.967445,37.536876]]}},{"type":"Feature","properties":{"line":"gyeongui","ref":"경의·중앙","name":"경의·중앙선: 문산 → 용문","color":"#77C4A3"},"geometry":{"type":"LineString","coordinates":[[126.967445,37.536876],[126.968356,37.535886]]}},{"type":"Feature","properties":{"line":"gyeongui","ref":"경의·중앙","name":"경의·중앙선: 문산 → 용문","color":"#77C4A3"},"geometry":{"type":"LineString","coordinates":[[126.968356,37.535886],[126.968676,37.53547],[126.968833,37.535258]]}},{"type":"Feature","properties":{"line":"gyeongui","ref":"경의·중앙","name":"경의·중앙선: 문산 → 용문","color":"#77C4A3"},"geometry":{"type":"LineString","coordinates":[[126.968833,37.535258],[126.9689,37.53516]]}},{"type":"Feature","properties":{"line":"gyeongui","ref":"경의·중앙","name":"경의·중앙선: 문산 → 용문","color":"#77C4A3"},"geometry":{"type":"LineString","coordinates":[[126.9689,37.53516],[126.968997,37.535002],[126.9691,37.534802]]}},{"type":"Feature","properties":{"line":"gyeongui","ref":"경의·중앙","name":"경의·중앙선: 문산 → 용문","color":"#77C4A3"},"geometry":{"type":"LineString","coordinates":[[126.9691,37.534802],[126.969146,37.534666],[126.969197,37.534522],[126.969234,37.534371],[126.969262,37.534212],[126.969278,37.53405],[126.969287,37.533861],[126.969273,37.533624],[126.969231,37.533395],[126.969223,37.533367],[126.96915,37.533126],[126.969091,37.532958],[126.969048,37.532851]]}},{"type":"Feature","properties":{"line":"gyeongui","ref":"경의·중앙","name":"경의·중앙선: 문산 → 용문","color":"#77C4A3"},"geometry":{"type":"LineString","coordinates":[[126.969048,37.532851],[126.968973,37.532702],[126.968832,37.532496],[126.968625,37.532247],[126.968439,37.532047],[126.968257,37.53189],[126.968121,37.531784],[126.967933,37.531653],[126.967807,37.531563]]}},{"type":"Feature","properties":{"line":"gyeongui","ref":"경의·중앙","name":"경의·중앙선: 문산 → 용문","color":"#77C4A3"},"geometry":{"type":"LineString","coordinates":[[126.967807,37.531563],[126.967641,37.531447],[126.967344,37.531207],[126.967221,37.531095]]}},{"type":"Feature","properties":{"line":"gyeongui","ref":"경의·중앙","name":"경의·중앙선: 문산 → 용문","color":"#77C4A3"},"geometry":{"type":"LineString","coordinates":[[126.967221,37.531095],[126.966464,37.530544]]}},{"type":"Feature","properties":{"line":"gyeongui","ref":"경의·중앙","name":"경의·중앙선: 문산 → 용문","color":"#77C4A3"},"geometry":{"type":"LineString","coordinates":[[126.966464,37.530544],[126.964905,37.529427],[126.96363,37.528508]]}},{"type":"Feature","properties":{"line":"gyeongui","ref":"경의·중앙","name":"경의·중앙선: 문산 → 용문","color":"#77C4A3"},"geometry":{"type":"LineString","coordinates":[[126.96363,37.528508],[126.96353,37.528432],[126.963478,37.5284]]}},{"type":"Feature","properties":{"line":"gyeongui","ref":"경의·중앙","name":"경의·중앙선: 문산 → 용문","color":"#77C4A3"},"geometry":{"type":"LineString","coordinates":[[126.963478,37.5284],[126.963427,37.528369],[126.963304,37.528302],[126.963117,37.528198]]}},{"type":"Feature","properties":{"line":"gyeongui","ref":"경의·중앙","name":"경의·중앙선: 문산 → 용문","color":"#77C4A3"},"geometry":{"type":"LineString","coordinates":[[126.963117,37.528198],[126.962917,37.528112]]}},{"type":"Feature","properties":{"line":"gyeongui","ref":"경의·중앙","name":"경의·중앙선: 문산 → 용문","color":"#77C4A3"},"geometry":{"type":"LineString","coordinates":[[126.962917,37.528112],[126.962701,37.527987],[126.96242,37.527797],[126.962284,37.527704],[126.962112,37.527589],[126.961859,37.52741],[126.961668,37.527254],[126.961477,37.52708],[126.961311,37.526882],[126.961257,37.526807],[126.961205,37.526744],[126.961175,37.526699],[126.961045,37.526489],[126.960997,37.526397],[126.960949,37.526304],[126.960931,37.526264],[126.960838,37.526014],[126.960779,37.525753],[126.960765,37.525506],[126.960762,37.525315],[126.960783,37.525114],[126.9608,37.525035],[126.960854,37.524758],[126.960916,37.524518],[126.960962,37.524387],[126.961012,37.524244],[126.961055,37.524124],[126.961139,37.523949],[126.961295,37.523684],[126.961441,37.523503],[126.961563,37.523342],[126.96175,37.523158],[126.961807,37.523109]]}},{"type":"Feature","properties":{"line":"gyeongui","ref":"경의·중앙","name":"경의·중앙선: 문산 → 용문","color":"#77C4A3"},"geometry":{"type":"LineString","coordinates":[[126.961807,37.523109],[126.961849,37.523065],[126.962076,37.522887],[126.96235,37.522711]]}},{"type":"Feature","properties":{"line":"gyeongui","ref":"경의·중앙","name":"경의·중앙선: 문산 → 용문","color":"#77C4A3"},"geometry":{"type":"LineString","coordinates":[[126.96235,37.522711],[126.962578,37.522601],[126.962759,37.522527],[126.962991,37.522428],[126.963184,37.522363],[126.963637,37.52226],[126.963916,37.522208],[126.964185,37.522163],[126.964437,37.522137],[126.96468,37.522123],[126.965426,37.52212],[126.965783,37.52215],[126.966021,37.522163],[126.966263,37.522201],[126.967532,37.522422],[126.968893,37.522676],[126.969383,37.522764],[126.96975,37.52282],[126.970119,37.522863],[126.970455,37.522887],[126.970827,37.522897],[126.971137,37.522894],[126.971403,37.522878],[126.971776,37.522833],[126.971867,37.522817],[126.972257,37.522749],[126.972486,37.522701],[126.97272,37.522645],[126.972942,37.522585],[126.973441,37.522438],[126.973988,37.522264],[126.975563,37.52176],[126.976111,37.521587],[126.976708,37.521389],[126.977176,37.521236],[126.977802,37.521039],[126.980168,37.520291],[126.982221,37.519675],[126.982404,37.519626],[126.982539,37.519595],[126.982743,37.519558],[126.983009,37.519516],[126.983288,37.519487],[126.983559,37.51947],[126.983671,37.519465],[126.983974,37.519455],[126.984072,37.519454],[126.984364,37.519461],[126.984697,37.519473],[126.985199,37.519487],[126.985547,37.519493],[126.985744,37.519497],[126.98683,37.51954],[126.989239,37.519634],[126.989812,37.519656],[126.990694,37.51969],[126.991511,37.519717],[126.992182,37.519735],[126.992357,37.519739],[126.992803,37.519754],[126.99312,37.519772],[126.993465,37.519795],[126.993758,37.519824],[126.994235,37.519899],[126.994407,37.519932],[126.9947,37.520005],[126.994939,37.520078],[126.995187,37.520171],[126.999397,37.521879],[126.999884,37.522087],[127.00021,37.522247],[127.000458,37.522388],[127.000638,37.522505],[127.000811,37.52263],[127.00124,37.522997],[127.00139,37.52314],[127.001489,37.523241],[127.001544,37.5233],[127.001666,37.523445],[127.001788,37.523619],[127.002413,37.524661],[127.002501,37.524796],[127.002828,37.525254],[127.002962,37.525419],[127.003148,37.525621],[127.003337,37.525808],[127.003546,37.525999],[127.003813,37.526216],[127.00669,37.528297],[127.00698,37.528477],[127.007232,37.528624],[127.007461,37.528752],[127.007764,37.528895],[127.008069,37.529022],[127.009912,37.529707],[127.010141,37.529801],[127.01028,37.529863],[127.010427,37.529936],[127.010533,37.529993],[127.010633,37.530052],[127.010813,37.530165],[127.011015,37.530304],[127.011208,37.530455],[127.011376,37.530606],[127.011531,37.530756],[127.01172,37.53096],[127.011915,37.531192],[127.012114,37.531471],[127.013013,37.532958],[127.013787,37.534211],[127.016259,37.538222],[127.016498,37.538594],[127.016696,37.538877],[127.0169,37.539139],[127.017113,37.539357],[127.017325,37.539541]]}},{"type":"Feature","properties":{"line":"gyeongui","ref":"경의·중앙","name":"경의·중앙선: 문산 → 용문","color":"#77C4A3"},"geometry":{"type":"LineString","coordinates":[[127.017325,37.539541],[127.017538,37.53972],[127.017747,37.539882],[127.018004,37.540058],[127.018702,37.540502],[127.019613,37.541082],[127.019752,37.54117],[127.020482,37.541634]]}},{"type":"Feature","properties":{"line":"gyeongui","ref":"경의·중앙","name":"경의·중앙선: 문산 → 용문","color":"#77C4A3"},"geometry":{"type":"LineString","coordinates":[[127.020482,37.541634],[127.021079,37.54202],[127.021352,37.542208],[127.0216,37.542379],[127.021868,37.542571],[127.023779,37.543994],[127.023986,37.544142],[127.024261,37.544311],[127.024572,37.544477],[127.02495,37.544643],[127.025367,37.544791],[127.025795,37.544916],[127.027726,37.545514],[127.028251,37.545704],[127.028621,37.545854],[127.028843,37.545946],[127.029045,37.546043],[127.029599,37.546309],[127.030085,37.546546],[127.031694,37.547332],[127.032027,37.547503],[127.032401,37.547709],[127.032637,37.547857],[127.032837,37.547998],[127.03303,37.548142],[127.033229,37.548316],[127.033403,37.54849],[127.033637,37.548748],[127.033803,37.548959],[127.033934,37.54915],[127.034113,37.549411],[127.034794,37.550414],[127.034902,37.550554],[127.034992,37.550669],[127.035056,37.550733],[127.035224,37.550913],[127.035541,37.551226],[127.035649,37.551316],[127.035845,37.551462],[127.036139,37.55166],[127.037348,37.552409],[127.037886,37.552755],[127.038149,37.55295],[127.038401,37.553165],[127.038589,37.553361],[127.03869,37.553469],[127.038935,37.553778],[127.039019,37.553893],[127.039104,37.554026],[127.039182,37.554166],[127.039261,37.554314],[127.039331,37.554473],[127.03939,37.554635],[127.039449,37.55484],[127.039474,37.554943],[127.039512,37.555159],[127.03953,37.555356],[127.039537,37.555477],[127.03954,37.555585],[127.039532,37.555787],[127.039532,37.555838],[127.039508,37.556024],[127.039485,37.556197],[127.039411,37.556584],[127.039253,37.557331],[127.039134,37.557915],[127.039018,37.558501],[127.038971,37.55874],[127.038909,37.559049],[127.038856,37.559315],[127.038811,37.559536],[127.038767,37.559756],[127.038723,37.559955],[127.038679,37.560153]]}},{"type":"Feature","properties":{"line":"gyeongui","ref":"경의·중앙","name":"경의·중앙선: 문산 → 용문","color":"#77C4A3"},"geometry":{"type":"LineString","coordinates":[[127.038679,37.560153],[127.038433,37.561346],[127.038162,37.562709]]}},{"type":"Feature","properties":{"line":"gyeongui","ref":"경의·중앙","name":"경의·중앙선: 문산 → 용문","color":"#77C4A3"},"geometry":{"type":"LineString","coordinates":[[127.038162,37.562709],[127.038145,37.562793],[127.038092,37.563131],[127.038047,37.563375],[127.037915,37.564029],[127.037838,37.564442]]}},{"type":"Feature","properties":{"line":"gyeongui","ref":"경의·중앙","name":"경의·중앙선: 문산 → 용문","color":"#77C4A3"},"geometry":{"type":"LineString","coordinates":[[127.037838,37.564442],[127.037688,37.565235],[127.037637,37.565575]]}},{"type":"Feature","properties":{"line":"gyeongui","ref":"경의·중앙","name":"경의·중앙선: 문산 → 용문","color":"#77C4A3"},"geometry":{"type":"LineString","coordinates":[[127.037637,37.565575],[127.037632,37.565647],[127.037625,37.565751]]}},{"type":"Feature","properties":{"line":"gyeongui","ref":"경의·중앙","name":"경의·중앙선: 문산 → 용문","color":"#77C4A3"},"geometry":{"type":"LineString","coordinates":[[127.037625,37.565751],[127.037634,37.566105]]}},{"type":"Feature","properties":{"line":"gyeongui","ref":"경의·중앙","name":"경의·중앙선: 문산 → 용문","color":"#77C4A3"},"geometry":{"type":"LineString","coordinates":[[127.037634,37.566105],[127.037636,37.566164],[127.037665,37.566367],[127.037731,37.56666],[127.037835,37.566972],[127.037929,37.567185],[127.038007,37.567327],[127.038099,37.567478],[127.038235,37.56768],[127.038399,37.567906],[127.038601,37.568171],[127.038685,37.568279],[127.039213,37.56896]]}},{"type":"Feature","properties":{"line":"gyeongui","ref":"경의·중앙","name":"경의·중앙선: 문산 → 용문","color":"#77C4A3"},"geometry":{"type":"LineString","coordinates":[[127.039213,37.56896],[127.039749,37.569651]]}},{"type":"Feature","properties":{"line":"gyeongui","ref":"경의·중앙","name":"경의·중앙선: 문산 → 용문","color":"#77C4A3"},"geometry":{"type":"LineString","coordinates":[[127.039749,37.569651],[127.039801,37.569717],[127.039835,37.569762]]}},{"type":"Feature","properties":{"line":"gyeongui","ref":"경의·중앙","name":"경의·중앙선: 문산 → 용문","color":"#77C4A3"},"geometry":{"type":"LineString","coordinates":[[127.039835,37.569762],[127.039998,37.569975],[127.04008,37.570082],[127.040333,37.570414],[127.040841,37.571056],[127.041054,37.571344]]}},{"type":"Feature","properties":{"line":"gyeongui","ref":"경의·중앙","name":"경의·중앙선: 문산 → 용문","color":"#77C4A3"},"geometry":{"type":"LineString","coordinates":[[127.041054,37.571344],[127.04155,37.571995],[127.041726,37.572223],[127.041795,37.572313]]}},{"type":"Feature","properties":{"line":"gyeongui","ref":"경의·중앙","name":"경의·중앙선: 문산 → 용문","color":"#77C4A3"},"geometry":{"type":"LineString","coordinates":[[127.041795,37.572313],[127.041938,37.572499]]}},{"type":"Feature","properties":{"line":"gyeongui","ref":"경의·중앙","name":"경의·중앙선: 문산 → 용문","color":"#77C4A3"},"geometry":{"type":"LineString","coordinates":[[127.041938,37.572499],[127.042263,37.572915],[127.04227,37.572924],[127.042339,37.573012]]}},{"type":"Feature","properties":{"line":"gyeongui","ref":"경의·중앙","name":"경의·중앙선: 문산 → 용문","color":"#77C4A3"},"geometry":{"type":"LineString","coordinates":[[127.042339,37.573012],[127.043259,37.574225],[127.044348,37.575649],[127.044473,37.575813]]}},{"type":"Feature","properties":{"line":"gyeongui","ref":"경의·중앙","name":"경의·중앙선: 문산 → 용문","color":"#77C4A3"},"geometry":{"type":"LineString","coordinates":[[127.044473,37.575813],[127.044494,37.57584],[127.044886,37.576348]]}},{"type":"Feature","properties":{"line":"gyeongui","ref":"경의·중앙","name":"경의·중앙선: 문산 → 용문","color":"#77C4A3"},"geometry":{"type":"LineString","coordinates":[[127.044886,37.576348],[127.044991,37.576485]]}},{"type":"Feature","properties":{"line":"gyeongui","ref":"경의·중앙","name":"경의·중앙선: 문산 → 용문","color":"#77C4A3"},"geometry":{"type":"LineString","coordinates":[[127.044991,37.576485],[127.046112,37.577946]]}},{"type":"Feature","properties":{"line":"gyeongui","ref":"경의·중앙","name":"경의·중앙선: 문산 → 용문","color":"#77C4A3"},"geometry":{"type":"LineString","coordinates":[[127.04735,37.579583],[127.047312,37.579533],[127.047051,37.579177],[127.046112,37.577946]]}},{"type":"Feature","properties":{"line":"gyeongui","ref":"경의·중앙","name":"경의·중앙선: 문산 → 용문","color":"#77C4A3"},"geometry":{"type":"LineString","coordinates":[[127.049158,37.581958],[127.04817,37.58067],[127.048129,37.580616],[127.0481,37.580579],[127.047643,37.579969],[127.04735,37.579583]]}},{"type":"Feature","properties":{"line":"gyeongui","ref":"경의·중앙","name":"경의·중앙선: 문산 → 용문","color":"#77C4A3"},"geometry":{"type":"LineString","coordinates":[[127.049434,37.582271],[127.049177,37.581987],[127.049158,37.581958]]}},{"type":"Feature","properties":{"line":"gyeongui","ref":"경의·중앙","name":"경의·중앙선: 문산 → 용문","color":"#77C4A3"},"geometry":{"type":"LineString","coordinates":[[127.049859,37.582794],[127.049714,37.582608],[127.049434,37.582271]]}},{"type":"Feature","properties":{"line":"gyeongui","ref":"경의·중앙","name":"경의·중앙선: 문산 → 용문","color":"#77C4A3"},"geometry":{"type":"LineString","coordinates":[[127.050423,37.58351],[127.050311,37.58337],[127.050148,37.583164],[127.050113,37.583118],[127.04999,37.582956],[127.049859,37.582794]]}},{"type":"Feature","properties":{"line":"gyeongui","ref":"경의·중앙","name":"경의·중앙선: 문산 → 용문","color":"#77C4A3"},"geometry":{"type":"LineString","coordinates":[[127.050676,37.583834],[127.050471,37.583572],[127.050423,37.58351]]}},{"type":"Feature","properties":{"line":"gyeongui","ref":"경의·중앙","name":"경의·중앙선: 문산 → 용문","color":"#77C4A3"},"geometry":{"type":"LineString","coordinates":[[127.050676,37.583834],[127.050802,37.584001]]}},{"type":"Feature","properties":{"line":"gyeongui","ref":"경의·중앙","name":"경의·중앙선: 문산 → 용문","color":"#77C4A3"},"geometry":{"type":"LineString","coordinates":[[127.050802,37.584001],[127.050867,37.584085],[127.051036,37.584301],[127.051168,37.584466]]}},{"type":"Feature","properties":{"line":"gyeongui","ref":"경의·중앙","name":"경의·중앙선: 문산 → 용문","color":"#77C4A3"},"geometry":{"type":"LineString","coordinates":[[127.051168,37.584466],[127.051176,37.584475],[127.051268,37.58459]]}},{"type":"Feature","properties":{"line":"gyeongui","ref":"경의·중앙","name":"경의·중앙선: 문산 → 용문","color":"#77C4A3"},"geometry":{"type":"LineString","coordinates":[[127.051268,37.58459],[127.051375,37.584729],[127.051531,37.584927],[127.051623,37.585052]]}},{"type":"Feature","properties":{"line":"gyeongui","ref":"경의·중앙","name":"경의·중앙선: 문산 → 용문","color":"#77C4A3"},"geometry":{"type":"LineString","coordinates":[[127.051623,37.585052],[127.051635,37.585067],[127.051773,37.585245],[127.052085,37.585634],[127.052392,37.586003],[127.052617,37.58625],[127.052891,37.586525],[127.053189,37.586794],[127.053481,37.587051],[127.053799,37.587298],[127.054116,37.587526],[127.054449,37.587745],[127.054868,37.588003],[127.054895,37.588018],[127.054924,37.588037],[127.055321,37.588275],[127.055706,37.588477],[127.056081,37.588675],[127.05646,37.588875],[127.05702,37.58916],[127.057337,37.589323],[127.058398,37.589888],[127.058745,37.590091],[127.058828,37.590131],[127.058985,37.590211],[127.059368,37.590417],[127.059747,37.590619],[127.060174,37.590844],[127.060629,37.591085],[127.060719,37.591134]]}},{"type":"Feature","properties":{"line":"gyeongui","ref":"경의·중앙","name":"경의·중앙선: 문산 → 용문","color":"#77C4A3"},"geometry":{"type":"LineString","coordinates":[[127.060719,37.591134],[127.061033,37.591312],[127.061439,37.5915],[127.0618,37.591662],[127.062233,37.591842],[127.062597,37.591964],[127.062975,37.592076],[127.063028,37.59209]]}},{"type":"Feature","properties":{"line":"gyeongui","ref":"경의·중앙","name":"경의·중앙선: 문산 → 용문","color":"#77C4A3"},"geometry":{"type":"LineString","coordinates":[[127.063028,37.59209],[127.06342,37.592191],[127.063917,37.592301],[127.064397,37.592406],[127.064895,37.592518],[127.065406,37.592628],[127.065878,37.592728],[127.066402,37.592845],[127.066907,37.592958],[127.067423,37.593072],[127.067922,37.59318],[127.06841,37.593288]]}},{"type":"Feature","properties":{"line":"gyeongui","ref":"경의·중앙","name":"경의·중앙선: 문산 → 용문","color":"#77C4A3"},"geometry":{"type":"LineString","coordinates":[[127.06841,37.593288],[127.068422,37.59329],[127.068466,37.5933]]}},{"type":"Feature","properties":{"line":"gyeongui","ref":"경의·중앙","name":"경의·중앙선: 문산 → 용문","color":"#77C4A3"},"geometry":{"type":"LineString","coordinates":[[127.068466,37.5933],[127.068894,37.593393],[127.069414,37.593511],[127.069817,37.593593],[127.070211,37.593674],[127.070615,37.593764],[127.071116,37.593871],[127.071616,37.593982],[127.072129,37.594093],[127.072653,37.594206]]}},{"type":"Feature","properties":{"line":"gyeongui","ref":"경의·중앙","name":"경의·중앙선: 문산 → 용문","color":"#77C4A3"},"geometry":{"type":"LineString","coordinates":[[127.072653,37.594206],[127.073069,37.594294],[127.07351,37.594392],[127.073953,37.594486]]}},{"type":"Feature","properties":{"line":"gyeongui","ref":"경의·중앙","name":"경의·중앙선: 문산 → 용문","color":"#77C4A3"},"geometry":{"type":"LineString","coordinates":[[127.073953,37.594486],[127.0742,37.594541],[127.074211,37.594544]]}},{"type":"Feature","properties":{"line":"gyeongui","ref":"경의·중앙","name":"경의·중앙선: 문산 → 용문","color":"#77C4A3"},"geometry":{"type":"LineString","coordinates":[[127.074211,37.594544],[127.074489,37.594621],[127.074893,37.594731],[127.077118,37.595224],[127.077379,37.595274],[127.077849,37.595368],[127.078352,37.595463],[127.078843,37.595531]]}},{"type":"Feature","properties":{"line":"gyeongui","ref":"경의·중앙","name":"경의·중앙선: 문산 → 용문","color":"#77C4A3"},"geometry":{"type":"LineString","coordinates":[[127.078843,37.595531],[127.078884,37.595538],[127.079384,37.595635],[127.079618,37.595683],[127.08006,37.595772],[127.080609,37.595884]]}},{"type":"Feature","properties":{"line":"gyeongui","ref":"경의·중앙","name":"경의·중앙선: 문산 → 용문","color":"#77C4A3"},"geometry":{"type":"LineString","coordinates":[[127.080609,37.595884],[127.080641,37.59589],[127.08104,37.595965],[127.081324,37.59602]]}},{"type":"Feature","properties":{"line":"gyeongui","ref":"경의·중앙","name":"경의·중앙선: 문산 → 용문","color":"#77C4A3"},"geometry":{"type":"LineString","coordinates":[[127.081324,37.59602],[127.081503,37.59605],[127.081824,37.596112],[127.08216,37.596178],[127.08223,37.596191]]}},{"type":"Feature","properties":{"line":"gyeongui","ref":"경의·중앙","name":"경의·중앙선: 문산 → 용문","color":"#77C4A3"},"geometry":{"type":"LineString","coordinates":[[127.08223,37.596191],[127.082434,37.596227]]}},{"type":"Feature","properties":{"line":"gyeongui","ref":"경의·중앙","name":"경의·중앙선: 문산 → 용문","color":"#77C4A3"},"geometry":{"type":"LineString","coordinates":[[127.082434,37.596227],[127.082531,37.596244],[127.082984,37.596328],[127.083287,37.596383],[127.083631,37.596452],[127.08398,37.596524],[127.084356,37.596604],[127.08528,37.596814],[127.085718,37.596927],[127.086024,37.597018],[127.086106,37.597044],[127.086567,37.597182],[127.086911,37.597301],[127.087168,37.597384],[127.087441,37.597487],[127.087752,37.597601],[127.087797,37.597622]]}},{"type":"Feature","properties":{"line":"gyeongui","ref":"경의·중앙","name":"경의·중앙선: 문산 → 용문","color":"#77C4A3"},"geometry":{"type":"LineString","coordinates":[[127.087797,37.597622],[127.088109,37.59774],[127.088465,37.597875],[127.088824,37.59801],[127.089173,37.598142],[127.089382,37.59822],[127.089652,37.598325],[127.090081,37.598483],[127.090594,37.598679],[127.091094,37.598861]]}},{"type":"Feature","properties":{"line":"gyeongui","ref":"경의·중앙","name":"경의·중앙선: 문산 → 용문","color":"#77C4A3"},"geometry":{"type":"LineString","coordinates":[[127.091094,37.598861],[127.091612,37.599052],[127.093114,37.599636],[127.093165,37.599656],[127.093515,37.599793],[127.093899,37.59996],[127.094253,37.600119],[127.094568,37.600256],[127.094631,37.600284],[127.095004,37.600443],[127.09541,37.600609],[127.09572,37.600728],[127.09574,37.600733],[127.096468,37.601011],[127.096753,37.601117],[127.097041,37.601225],[127.097305,37.601322],[127.097521,37.601408],[127.097734,37.601492],[127.097938,37.601573],[127.097975,37.601586],[127.098293,37.601699],[127.098343,37.601722]]}},{"type":"Feature","properties":{"line":"gyeongui","ref":"경의·중앙","name":"경의·중앙선: 문산 → 용문","color":"#77C4A3"},"geometry":{"type":"LineString","coordinates":[[127.098343,37.601722],[127.098561,37.601804],[127.098858,37.601914],[127.099069,37.601994],[127.099521,37.602171],[127.099984,37.60235],[127.100203,37.602442],[127.1004,37.602541],[127.100688,37.602687],[127.10094,37.602832],[127.101253,37.603028],[127.101552,37.603241],[127.101908,37.603531],[127.102203,37.603789],[127.102469,37.604041],[127.102827,37.604374],[127.103094,37.604613],[127.103415,37.604869],[127.103744,37.605115],[127.104051,37.605306],[127.104356,37.605476],[127.104685,37.605633],[127.105033,37.605785],[127.105452,37.605938],[127.105868,37.60607],[127.106341,37.606205],[127.106887,37.606363],[127.107413,37.606501],[127.108304,37.606735],[127.108702,37.606828],[127.108983,37.606893],[127.109255,37.606959],[127.109756,37.607058],[127.110252,37.607153],[127.1108,37.607238],[127.111383,37.607322],[127.111936,37.60738],[127.112494,37.607436],[127.113014,37.607476],[127.11349,37.607506],[127.113748,37.607521]]}},{"type":"Feature","properties":{"line":"gyeongui","ref":"경의·중앙","name":"경의·중앙선: 문산 → 용문","color":"#77C4A3"},"geometry":{"type":"LineString","coordinates":[[127.113748,37.607521],[127.114719,37.607511],[127.115961,37.607476],[127.117326,37.607414],[127.118664,37.607303],[127.119993,37.607117],[127.121533,37.606816],[127.122957,37.606464],[127.131345,37.60398]]}},{"type":"Feature","properties":{"line":"gyeongui","ref":"경의·중앙","name":"경의·중앙선: 문산 → 용문","color":"#77C4A3"},"geometry":{"type":"LineString","coordinates":[[127.131345,37.60398],[127.131586,37.603911],[127.132007,37.60378],[127.132153,37.60374]]}},{"type":"Feature","properties":{"line":"gyeongui","ref":"경의·중앙","name":"경의·중앙선: 문산 → 용문","color":"#77C4A3"},"geometry":{"type":"LineString","coordinates":[[127.132153,37.60374],[127.132422,37.603652],[127.132894,37.603506],[127.13328,37.603397],[127.133762,37.603255],[127.134251,37.603115],[127.134751,37.602969],[127.134986,37.602907],[127.135323,37.602806],[127.135831,37.60268],[127.136318,37.602555],[127.136821,37.602456],[127.137083,37.602414],[127.137319,37.602385],[127.137554,37.602373],[127.137833,37.60235],[127.138089,37.602341],[127.138362,37.602341],[127.138636,37.602351],[127.138875,37.602371],[127.139129,37.602394],[127.139403,37.602427],[127.1399,37.602511],[127.140407,37.602613],[127.14088,37.602714]]}},{"type":"Feature","properties":{"line":"gyeongui","ref":"경의·중앙","name":"경의·중앙선: 문산 → 용문","color":"#77C4A3"},"geometry":{"type":"LineString","coordinates":[[127.14088,37.602714],[127.141126,37.602777],[127.141235,37.602805]]}},{"type":"Feature","properties":{"line":"gyeongui","ref":"경의·중앙","name":"경의·중앙선: 문산 → 용문","color":"#77C4A3"},"geometry":{"type":"LineString","coordinates":[[127.141235,37.602805],[127.141383,37.602848],[127.14162,37.602916],[127.141864,37.602985],[127.142893,37.603225]]}},{"type":"Feature","properties":{"line":"gyeongui","ref":"경의·중앙","name":"경의·중앙선: 문산 → 용문","color":"#77C4A3"},"geometry":{"type":"LineString","coordinates":[[127.142893,37.603225],[127.144358,37.603558],[127.144493,37.60359],[127.144696,37.603629],[127.144896,37.603666],[127.145267,37.603728]]}},{"type":"Feature","properties":{"line":"gyeongui","ref":"경의·중앙","name":"경의·중앙선: 문산 → 용문","color":"#77C4A3"},"geometry":{"type":"LineString","coordinates":[[127.145267,37.603728],[127.145359,37.603748],[127.145802,37.603847],[127.145891,37.603868],[127.145998,37.603893],[127.146111,37.603919],[127.14628,37.603958],[127.146789,37.604076],[127.14729,37.604189],[127.147472,37.604233]]}},{"type":"Feature","properties":{"line":"gyeongui","ref":"경의·중앙","name":"경의·중앙선: 문산 → 용문","color":"#77C4A3"},"geometry":{"type":"LineString","coordinates":[[127.147472,37.604233],[127.147752,37.604296],[127.148082,37.604369],[127.148396,37.604439],[127.148711,37.604506],[127.149029,37.60458],[127.149338,37.604652],[127.150357,37.604889]]}},{"type":"Feature","properties":{"line":"gyeongui","ref":"경의·중앙","name":"경의·중앙선: 문산 → 용문","color":"#77C4A3"},"geometry":{"type":"LineString","coordinates":[[127.150357,37.604889],[127.150462,37.604913],[127.150955,37.605031],[127.151496,37.605151],[127.152024,37.605275],[127.152598,37.605405],[127.152997,37.605493]]}},{"type":"Feature","properties":{"line":"gyeongui","ref":"경의·중앙","name":"경의·중앙선: 문산 → 용문","color":"#77C4A3"},"geometry":{"type":"LineString","coordinates":[[127.152997,37.605493],[127.153367,37.605579]]}},{"type":"Feature","properties":{"line":"gyeongui","ref":"경의·중앙","name":"경의·중앙선: 문산 → 용문","color":"#77C4A3"},"geometry":{"type":"LineString","coordinates":[[127.153367,37.605579],[127.153749,37.605688],[127.154334,37.605862],[127.154745,37.606007],[127.155091,37.606136],[127.155461,37.606299],[127.155931,37.606505],[127.156233,37.606636],[127.156485,37.606746],[127.156592,37.60679],[127.156723,37.606852],[127.156905,37.606931]]}},{"type":"Feature","properties":{"line":"gyeongui","ref":"경의·중앙","name":"경의·중앙선: 문산 → 용문","color":"#77C4A3"},"geometry":{"type":"LineString","coordinates":[[127.156905,37.606931],[127.157133,37.607031],[127.157419,37.607156],[127.157676,37.607262],[127.157976,37.607399],[127.158337,37.607554],[127.158715,37.607725],[127.159112,37.607905],[127.159616,37.608121],[127.160105,37.60834],[127.16049,37.608503],[127.160667,37.60858],[127.16119,37.608809],[127.161594,37.608988],[127.161911,37.609124],[127.162285,37.609295],[127.162638,37.60945],[127.162984,37.609604],[127.16335,37.609767],[127.163917,37.610019]]}},{"type":"Feature","properties":{"line":"gyeongui","ref":"경의·중앙","name":"경의·중앙선: 문산 → 용문","color":"#77C4A3"},"geometry":{"type":"LineString","coordinates":[[127.163917,37.610019],[127.164138,37.610108],[127.164525,37.610281],[127.16499,37.610487],[127.165153,37.61056],[127.165346,37.610644],[127.1658,37.610842],[127.166263,37.611039],[127.166745,37.611249],[127.167258,37.611446],[127.167772,37.611625],[127.168303,37.611817],[127.168812,37.611979],[127.169352,37.612144],[127.169824,37.612288],[127.170312,37.612437],[127.170839,37.612597],[127.170968,37.612637]]}},{"type":"Feature","properties":{"line":"gyeongui","ref":"경의·중앙","name":"경의·중앙선: 문산 → 용문","color":"#77C4A3"},"geometry":{"type":"LineString","coordinates":[[127.170968,37.612637],[127.173551,37.6134]]}},{"type":"Feature","properties":{"line":"gyeongui","ref":"경의·중앙","name":"경의·중앙선: 문산 → 용문","color":"#77C4A3"},"geometry":{"type":"LineString","coordinates":[[127.173551,37.6134],[127.174082,37.613558],[127.174595,37.613711],[127.175677,37.614033],[127.17619,37.61416]]}},{"type":"Feature","properties":{"line":"gyeongui","ref":"경의·중앙","name":"경의·중앙선: 문산 → 용문","color":"#77C4A3"},"geometry":{"type":"LineString","coordinates":[[127.17619,37.61416],[127.176694,37.614285],[127.177313,37.614408],[127.177794,37.614489],[127.178136,37.614532],[127.178491,37.614571],[127.17898,37.614611],[127.179513,37.61463],[127.180076,37.614632],[127.180595,37.614615],[127.181109,37.614576],[127.181609,37.614523],[127.182109,37.61445],[127.18256,37.614369],[127.18268,37.614346]]}},{"type":"Feature","properties":{"line":"gyeongui","ref":"경의·중앙","name":"경의·중앙선: 문산 → 용문","color":"#77C4A3"},"geometry":{"type":"LineString","coordinates":[[127.18268,37.614346],[127.182998,37.614269],[127.183274,37.614201],[127.183519,37.61414]]}},{"type":"Feature","properties":{"line":"gyeongui","ref":"경의·중앙","name":"경의·중앙선: 문산 → 용문","color":"#77C4A3"},"geometry":{"type":"LineString","coordinates":[[127.183519,37.61414],[127.183663,37.614099],[127.184147,37.613961],[127.184612,37.613802],[127.185075,37.613622],[127.18552,37.613429],[127.185967,37.613214],[127.186372,37.61299],[127.186416,37.612966]]}},{"type":"Feature","properties":{"line":"gyeongui","ref":"경의·중앙","name":"경의·중앙선: 문산 → 용문","color":"#77C4A3"},"geometry":{"type":"LineString","coordinates":[[127.186416,37.612966],[127.186775,37.612757],[127.187052,37.612577],[127.187239,37.612454],[127.187649,37.612161],[127.187902,37.611961]]}},{"type":"Feature","properties":{"line":"gyeongui","ref":"경의·중앙","name":"경의·중앙선: 문산 → 용문","color":"#77C4A3"},"geometry":{"type":"LineString","coordinates":[[127.187902,37.611961],[127.188072,37.611834],[127.18846,37.611507],[127.188828,37.611143],[127.189169,37.610794],[127.18943,37.610515]]}},{"type":"Feature","properties":{"line":"gyeongui","ref":"경의·중앙","name":"경의·중앙선: 문산 → 용문","color":"#77C4A3"},"geometry":{"type":"LineString","coordinates":[[127.18943,37.610515],[127.189521,37.610411],[127.189834,37.61005],[127.19016,37.609669],[127.190469,37.609296],[127.19084,37.608848],[127.191148,37.608478],[127.191404,37.608161],[127.191715,37.607774],[127.191953,37.607479],[127.192023,37.607393],[127.192336,37.607014],[127.192457,37.606868],[127.192608,37.606681],[127.192616,37.606671]]}},{"type":"Feature","properties":{"line":"gyeongui","ref":"경의·중앙","name":"경의·중앙선: 문산 → 용문","color":"#77C4A3"},"geometry":{"type":"LineString","coordinates":[[127.192616,37.606671],[127.19282,37.606454],[127.193015,37.606257],[127.193058,37.606209]]}},{"type":"Feature","properties":{"line":"gyeongui","ref":"경의·중앙","name":"경의·중앙선: 문산 → 용문","color":"#77C4A3"},"geometry":{"type":"LineString","coordinates":[[127.193058,37.606209],[127.19322,37.606017],[127.193418,37.60578]]}},{"type":"Feature","properties":{"line":"gyeongui","ref":"경의·중앙","name":"경의·중앙선: 문산 → 용문","color":"#77C4A3"},"geometry":{"type":"LineString","coordinates":[[127.193418,37.60578],[127.193478,37.605714],[127.193732,37.605398],[127.193957,37.605117],[127.193963,37.60511]]}},{"type":"Feature","properties":{"line":"gyeongui","ref":"경의·중앙","name":"경의·중앙선: 문산 → 용문","color":"#77C4A3"},"geometry":{"type":"LineString","coordinates":[[127.193963,37.60511],[127.194173,37.604818],[127.194404,37.604472],[127.194677,37.604042],[127.194851,37.603751],[127.194984,37.603543],[127.195285,37.602986],[127.195394,37.602784],[127.195498,37.602591]]}},{"type":"Feature","properties":{"line":"gyeongui","ref":"경의·중앙","name":"경의·중앙선: 문산 → 용문","color":"#77C4A3"},"geometry":{"type":"LineString","coordinates":[[127.195498,37.602591],[127.195534,37.602517],[127.195606,37.602369]]}},{"type":"Feature","properties":{"line":"gyeongui","ref":"경의·중앙","name":"경의·중앙선: 문산 → 용문","color":"#77C4A3"},"geometry":{"type":"LineString","coordinates":[[127.195606,37.602369],[127.19567,37.602233]]}},{"type":"Feature","properties":{"line":"gyeongui","ref":"경의·중앙","name":"경의·중앙선: 문산 → 용문","color":"#77C4A3"},"geometry":{"type":"LineString","coordinates":[[127.19567,37.602233],[127.195687,37.602201],[127.195799,37.601987],[127.19589,37.601759],[127.196041,37.601398]]}},{"type":"Feature","properties":{"line":"gyeongui","ref":"경의·중앙","name":"경의·중앙선: 문산 → 용문","color":"#77C4A3"},"geometry":{"type":"LineString","coordinates":[[127.196041,37.601398],[127.196132,37.601219],[127.196143,37.601195],[127.196359,37.600766],[127.196565,37.600358],[127.196766,37.599949],[127.196985,37.599522],[127.197203,37.5991]]}},{"type":"Feature","properties":{"line":"gyeongui","ref":"경의·중앙","name":"경의·중앙선: 문산 → 용문","color":"#77C4A3"},"geometry":{"type":"LineString","coordinates":[[127.197203,37.5991],[127.197411,37.598686],[127.197613,37.598277],[127.197824,37.597849],[127.198019,37.59744],[127.19823,37.597015],[127.198425,37.596614],[127.198652,37.59618],[127.198733,37.596004]]}},{"type":"Feature","properties":{"line":"gyeongui","ref":"경의·중앙","name":"경의·중앙선: 문산 → 용문","color":"#77C4A3"},"geometry":{"type":"LineString","coordinates":[[127.198733,37.596004],[127.198846,37.595757],[127.199062,37.595342],[127.199281,37.594913]]}},{"type":"Feature","properties":{"line":"gyeongui","ref":"경의·중앙","name":"경의·중앙선: 문산 → 용문","color":"#77C4A3"},"geometry":{"type":"LineString","coordinates":[[127.199281,37.594913],[127.199484,37.594499],[127.199678,37.594126]]}},{"type":"Feature","properties":{"line":"gyeongui","ref":"경의·중앙","name":"경의·중앙선: 문산 → 용문","color":"#77C4A3"},"geometry":{"type":"LineString","coordinates":[[127.199678,37.594126],[127.199825,37.593839]]}},{"type":"Feature","properties":{"line":"gyeongui","ref":"경의·중앙","name":"경의·중앙선: 문산 → 용문","color":"#77C4A3"},"geometry":{"type":"LineString","coordinates":[[127.199825,37.593839],[127.199895,37.593712],[127.200112,37.593317],[127.200361,37.592914]]}},{"type":"Feature","properties":{"line":"gyeongui","ref":"경의·중앙","name":"경의·중앙선: 문산 → 용문","color":"#77C4A3"},"geometry":{"type":"LineString","coordinates":[[127.200361,37.592914],[127.200552,37.5926]]}},{"type":"Feature","properties":{"line":"gyeongui","ref":"경의·중앙","name":"경의·중앙선: 문산 → 용문","color":"#77C4A3"},"geometry":{"type":"LineString","coordinates":[[127.200552,37.5926],[127.200655,37.592461],[127.200907,37.592128],[127.20119,37.591801]]}},{"type":"Feature","properties":{"line":"gyeongui","ref":"경의·중앙","name":"경의·중앙선: 문산 → 용문","color":"#77C4A3"},"geometry":{"type":"LineString","coordinates":[[127.20119,37.591801],[127.201437,37.591525],[127.201441,37.591518],[127.201784,37.591185],[127.202081,37.590919],[127.202387,37.590667],[127.202721,37.590404],[127.203183,37.590079],[127.203441,37.589911],[127.204052,37.589551]]}},{"type":"Feature","properties":{"line":"gyeongui","ref":"경의·중앙","name":"경의·중앙선: 문산 → 용문","color":"#77C4A3"},"geometry":{"type":"LineString","coordinates":[[127.204052,37.589551],[127.205172,37.588917]]}},{"type":"Feature","properties":{"line":"gyeongui","ref":"경의·중앙","name":"경의·중앙선: 문산 → 용문","color":"#77C4A3"},"geometry":{"type":"LineString","coordinates":[[127.205172,37.588917],[127.205401,37.588794],[127.206005,37.588469],[127.206142,37.588394],[127.207388,37.587716],[127.208835,37.586923]]}},{"type":"Feature","properties":{"line":"gyeongui","ref":"경의·중앙","name":"경의·중앙선: 문산 → 용문","color":"#77C4A3"},"geometry":{"type":"LineString","coordinates":[[127.208835,37.586923],[127.2101,37.58623],[127.211658,37.585376],[127.212048,37.585165]]}},{"type":"Feature","properties":{"line":"gyeongui","ref":"경의·중앙","name":"경의·중앙선: 문산 → 용문","color":"#77C4A3"},"geometry":{"type":"LineString","coordinates":[[127.212048,37.585165],[127.212324,37.585016]]}},{"type":"Feature","properties":{"line":"gyeongui","ref":"경의·중앙","name":"경의·중앙선: 문산 → 용문","color":"#77C4A3"},"geometry":{"type":"LineString","coordinates":[[127.212324,37.585016],[127.212895,37.584706],[127.21311,37.584588],[127.213836,37.584175],[127.214889,37.583598]]}},{"type":"Feature","properties":{"line":"gyeongui","ref":"경의·중앙","name":"경의·중앙선: 문산 → 용문","color":"#77C4A3"},"geometry":{"type":"LineString","coordinates":[[127.214889,37.583598],[127.215456,37.58327],[127.215609,37.583171]]}},{"type":"Feature","properties":{"line":"gyeongui","ref":"경의·중앙","name":"경의·중앙선: 문산 → 용문","color":"#77C4A3"},"geometry":{"type":"LineString","coordinates":[[127.215609,37.583171],[127.215806,37.583075]]}},{"type":"Feature","properties":{"line":"gyeongui","ref":"경의·중앙","name":"경의·중앙선: 문산 → 용문","color":"#77C4A3"},"geometry":{"type":"LineString","coordinates":[[127.215806,37.583075],[127.219119,37.580979],[127.219456,37.580786]]}},{"type":"Feature","properties":{"line":"gyeongui","ref":"경의·중앙","name":"경의·중앙선: 문산 → 용문","color":"#77C4A3"},"geometry":{"type":"LineString","coordinates":[[127.219456,37.580786],[127.219797,37.580623],[127.220169,37.580463],[127.220463,37.580341],[127.220742,37.580237]]}},{"type":"Feature","properties":{"line":"gyeongui","ref":"경의·중앙","name":"경의·중앙선: 문산 → 용문","color":"#77C4A3"},"geometry":{"type":"LineString","coordinates":[[127.220742,37.580237],[127.221534,37.579986]]}},{"type":"Feature","properties":{"line":"gyeongui","ref":"경의·중앙","name":"경의·중앙선: 문산 → 용문","color":"#77C4A3"},"geometry":{"type":"LineString","coordinates":[[127.221534,37.579986],[127.223644,37.579376],[127.223827,37.579324],[127.224312,37.57918],[127.224766,37.579029],[127.225138,37.578888],[127.225516,37.578727],[127.225792,37.578601],[127.226114,37.578441],[127.226419,37.578273],[127.226741,37.578082],[127.22707,37.577858],[127.227444,37.577588],[127.227705,37.577388]]}},{"type":"Feature","properties":{"line":"gyeongui","ref":"경의·중앙","name":"경의·중앙선: 문산 → 용문","color":"#77C4A3"},"geometry":{"type":"LineString","coordinates":[[127.227705,37.577388],[127.227958,37.577146],[127.228201,37.576907],[127.228509,37.576585],[127.228752,37.576302],[127.229009,37.575979]]}},{"type":"Feature","properties":{"line":"gyeongui","ref":"경의·중앙","name":"경의·중앙선: 문산 → 용문","color":"#77C4A3"},"geometry":{"type":"LineString","coordinates":[[127.229009,37.575979],[127.229098,37.575836],[127.229195,37.575688],[127.229304,37.575521]]}},{"type":"Feature","properties":{"line":"gyeongui","ref":"경의·중앙","name":"경의·중앙선: 문산 → 용문","color":"#77C4A3"},"geometry":{"type":"LineString","coordinates":[[127.229304,37.575521],[127.229449,37.575277],[127.229587,37.575015],[127.229692,37.574773],[127.229924,37.57421]]}},{"type":"Feature","properties":{"line":"gyeongui","ref":"경의·중앙","name":"경의·중앙선: 문산 → 용문","color":"#77C4A3"},"geometry":{"type":"LineString","coordinates":[[127.229924,37.57421],[127.230024,37.573914],[127.230114,37.57365]]}},{"type":"Feature","properties":{"line":"gyeongui","ref":"경의·중앙","name":"경의·중앙선: 문산 → 용문","color":"#77C4A3"},"geometry":{"type":"LineString","coordinates":[[127.230114,37.57365],[127.230581,37.572256]]}},{"type":"Feature","properties":{"line":"gyeongui","ref":"경의·중앙","name":"경의·중앙선: 문산 → 용문","color":"#77C4A3"},"geometry":{"type":"LineString","coordinates":[[127.230581,37.572256],[127.231037,37.570928],[127.231263,37.570252]]}},{"type":"Feature","properties":{"line":"gyeongui","ref":"경의·중앙","name":"경의·중앙선: 문산 → 용문","color":"#77C4A3"},"geometry":{"type":"LineString","coordinates":[[127.231263,37.570252],[127.231615,37.56925]]}},{"type":"Feature","properties":{"line":"gyeongui","ref":"경의·중앙","name":"경의·중앙선: 문산 → 용문","color":"#77C4A3"},"geometry":{"type":"LineString","coordinates":[[127.231615,37.56925],[127.231748,37.568898]]}},{"type":"Feature","properties":{"line":"gyeongui","ref":"경의·중앙","name":"경의·중앙선: 문산 → 용문","color":"#77C4A3"},"geometry":{"type":"LineString","coordinates":[[127.231748,37.568898],[127.231787,37.568791],[127.231823,37.568695]]}},{"type":"Feature","properties":{"line":"gyeongui","ref":"경의·중앙","name":"경의·중앙선: 문산 → 용문","color":"#77C4A3"},"geometry":{"type":"LineString","coordinates":[[127.231823,37.568695],[127.231874,37.568571],[127.231888,37.568533],[127.232047,37.56813]]}},{"type":"Feature","properties":{"line":"gyeongui","ref":"경의·중앙","name":"경의·중앙선: 문산 → 용문","color":"#77C4A3"},"geometry":{"type":"LineString","coordinates":[[127.232047,37.56813],[127.232285,37.567572]]}},{"type":"Feature","properties":{"line":"gyeongui","ref":"경의·중앙","name":"경의·중앙선: 문산 → 용문","color":"#77C4A3"},"geometry":{"type":"LineString","coordinates":[[127.232285,37.567572],[127.232573,37.566935]]}},{"type":"Feature","properties":{"line":"gyeongui","ref":"경의·중앙","name":"경의·중앙선: 문산 → 용문","color":"#77C4A3"},"geometry":{"type":"LineString","coordinates":[[127.232573,37.566935],[127.233457,37.565068]]}},{"type":"Feature","properties":{"line":"gyeongui","ref":"경의·중앙","name":"경의·중앙선: 문산 → 용문","color":"#77C4A3"},"geometry":{"type":"LineString","coordinates":[[127.233457,37.565068],[127.233878,37.564188]]}},{"type":"Feature","properties":{"line":"gyeongui","ref":"경의·중앙","name":"경의·중앙선: 문산 → 용문","color":"#77C4A3"},"geometry":{"type":"LineString","coordinates":[[127.233878,37.564188],[127.233936,37.564061]]}},{"type":"Feature","properties":{"line":"gyeongui","ref":"경의·중앙","name":"경의·중앙선: 문산 → 용문","color":"#77C4A3"},"geometry":{"type":"LineString","coordinates":[[127.233936,37.564061],[127.234988,37.561892]]}},{"type":"Feature","properties":{"line":"gyeongui","ref":"경의·중앙","name":"경의·중앙선: 문산 → 용문","color":"#77C4A3"},"geometry":{"type":"LineString","coordinates":[[127.234988,37.561892],[127.235031,37.561803]]}},{"type":"Feature","properties":{"line":"gyeongui","ref":"경의·중앙","name":"경의·중앙선: 문산 → 용문","color":"#77C4A3"},"geometry":{"type":"LineString","coordinates":[[127.235031,37.561803],[127.235359,37.561133]]}},{"type":"Feature","properties":{"line":"gyeongui","ref":"경의·중앙","name":"경의·중앙선: 문산 → 용문","color":"#77C4A3"},"geometry":{"type":"LineString","coordinates":[[127.235359,37.561133],[127.2357,37.560444],[127.236247,37.559294],[127.236944,37.557869],[127.237226,37.557291],[127.238013,37.555725]]}},{"type":"Feature","properties":{"line":"gyeongui","ref":"경의·중앙","name":"경의·중앙선: 문산 → 용문","color":"#77C4A3"},"geometry":{"type":"LineString","coordinates":[[127.238013,37.555725],[127.238169,37.555436]]}},{"type":"Feature","properties":{"line":"gyeongui","ref":"경의·중앙","name":"경의·중앙선: 문산 → 용문","color":"#77C4A3"},"geometry":{"type":"LineString","coordinates":[[127.238169,37.555436],[127.238394,37.555027],[127.239206,37.553631],[127.239428,37.55325],[127.239927,37.552417],[127.240833,37.550905],[127.241283,37.550175],[127.241545,37.549781],[127.241798,37.549442],[127.242056,37.549129],[127.242432,37.548714],[127.24282,37.548321],[127.243224,37.547966],[127.24364,37.547629],[127.24388,37.547451],[127.244108,37.54729],[127.244379,37.547114],[127.244617,37.546964],[127.244678,37.546926],[127.245051,37.546711],[127.245297,37.546577],[127.245973,37.546235],[127.246496,37.545982],[127.247133,37.545699]]}},{"type":"Feature","properties":{"line":"gyeongui","ref":"경의·중앙","name":"경의·중앙선: 문산 → 용문","color":"#77C4A3"},"geometry":{"type":"LineString","coordinates":[[127.247133,37.545699],[127.247231,37.545661]]}},{"type":"Feature","properties":{"line":"gyeongui","ref":"경의·중앙","name":"경의·중앙선: 문산 → 용문","color":"#77C4A3"},"geometry":{"type":"LineString","coordinates":[[127.247231,37.545661],[127.248439,37.5451],[127.25004,37.544357]]}},{"type":"Feature","properties":{"line":"gyeongui","ref":"경의·중앙","name":"경의·중앙선: 문산 → 용문","color":"#77C4A3"},"geometry":{"type":"LineString","coordinates":[[127.25004,37.544357],[127.251273,37.543875]]}},{"type":"Feature","properties":{"line":"gyeongui","ref":"경의·중앙","name":"경의·중앙선: 문산 → 용문","color":"#77C4A3"},"geometry":{"type":"LineString","coordinates":[[127.251273,37.543875],[127.251997,37.543642]]}},{"type":"Feature","properties":{"line":"gyeongui","ref":"경의·중앙","name":"경의·중앙선: 문산 → 용문","color":"#77C4A3"},"geometry":{"type":"LineString","coordinates":[[127.251997,37.543642],[127.252921,37.543423],[127.253799,37.543302],[127.254686,37.543228],[127.255611,37.543183],[127.256461,37.543213],[127.257339,37.543302],[127.258346,37.543478],[127.259282,37.543703],[127.260096,37.543976],[127.292489,37.556789],[127.293869,37.557277],[127.295311,37.557684],[127.296768,37.55798],[127.298155,37.558145]]}},{"type":"Feature","properties":{"line":"gyeongui","ref":"경의·중앙","name":"경의·중앙선: 문산 → 용문","color":"#77C4A3"},"geometry":{"type":"LineString","coordinates":[[127.298155,37.558145],[127.298757,37.558183],[127.29973,37.558214],[127.300198,37.558194],[127.300661,37.55816],[127.301061,37.558115]]}},{"type":"Feature","properties":{"line":"gyeongui","ref":"경의·중앙","name":"경의·중앙선: 문산 → 용문","color":"#77C4A3"},"geometry":{"type":"LineString","coordinates":[[127.301061,37.558115],[127.301592,37.558031],[127.302084,37.557927],[127.302505,37.557847],[127.303178,37.557673],[127.304,37.557402]]}},{"type":"Feature","properties":{"line":"gyeongui","ref":"경의·중앙","name":"경의·중앙선: 문산 → 용문","color":"#77C4A3"},"geometry":{"type":"LineString","coordinates":[[127.304,37.557402],[127.30427,37.557301]]}},{"type":"Feature","properties":{"line":"gyeongui","ref":"경의·중앙","name":"경의·중앙선: 문산 → 용문","color":"#77C4A3"},"geometry":{"type":"LineString","coordinates":[[127.30427,37.557301],[127.304665,37.557138],[127.306012,37.556532]]}},{"type":"Feature","properties":{"line":"gyeongui","ref":"경의·중앙","name":"경의·중앙선: 문산 → 용문","color":"#77C4A3"},"geometry":{"type":"LineString","coordinates":[[127.306012,37.556532],[127.306589,37.556287]]}},{"type":"Feature","properties":{"line":"gyeongui","ref":"경의·중앙","name":"경의·중앙선: 문산 → 용문","color":"#77C4A3"},"geometry":{"type":"LineString","coordinates":[[127.306589,37.556287],[127.307007,37.5561],[127.308852,37.555269],[127.309375,37.555035],[127.310782,37.554408],[127.310936,37.554339],[127.312739,37.553538]]}},{"type":"Feature","properties":{"line":"gyeongui","ref":"경의·중앙","name":"경의·중앙선: 문산 → 용문","color":"#77C4A3"},"geometry":{"type":"LineString","coordinates":[[127.312739,37.553538],[127.320319,37.550139],[127.321928,37.54938]]}},{"type":"Feature","properties":{"line":"gyeongui","ref":"경의·중앙","name":"경의·중앙선: 문산 → 용문","color":"#77C4A3"},"geometry":{"type":"LineString","coordinates":[[127.321928,37.54938],[127.324587,37.548127]]}},{"type":"Feature","properties":{"line":"gyeongui","ref":"경의·중앙","name":"경의·중앙선: 문산 → 용문","color":"#77C4A3"},"geometry":{"type":"LineString","coordinates":[[127.324587,37.548127],[127.324642,37.548099],[127.327958,37.546543],[127.329912,37.545621],[127.330043,37.54556],[127.331682,37.544784],[127.33197,37.544632]]}},{"type":"Feature","properties":{"line":"gyeongui","ref":"경의·중앙","name":"경의·중앙선: 문산 → 용문","color":"#77C4A3"},"geometry":{"type":"LineString","coordinates":[[127.33197,37.544632],[127.332426,37.544405],[127.332793,37.544223]]}},{"type":"Feature","properties":{"line":"gyeongui","ref":"경의·중앙","name":"경의·중앙선: 문산 → 용문","color":"#77C4A3"},"geometry":{"type":"LineString","coordinates":[[127.332793,37.544223],[127.334741,37.543345],[127.335037,37.543196],[127.335392,37.543057],[127.335674,37.542919],[127.336075,37.542761]]}},{"type":"Feature","properties":{"line":"gyeongui","ref":"경의·중앙","name":"경의·중앙선: 문산 → 용문","color":"#77C4A3"},"geometry":{"type":"LineString","coordinates":[[127.336075,37.542761],[127.353687,37.537953]]}},{"type":"Feature","properties":{"line":"gyeongui","ref":"경의·중앙","name":"경의·중앙선: 문산 → 용문","color":"#77C4A3"},"geometry":{"type":"LineString","coordinates":[[127.353687,37.537953],[127.353849,37.537909]]}},{"type":"Feature","properties":{"line":"gyeongui","ref":"경의·중앙","name":"경의·중앙선: 문산 → 용문","color":"#77C4A3"},"geometry":{"type":"LineString","coordinates":[[127.353849,37.537909],[127.354876,37.537612]]}},{"type":"Feature","properties":{"line":"gyeongui","ref":"경의·중앙","name":"경의·중앙선: 문산 → 용문","color":"#77C4A3"},"geometry":{"type":"LineString","coordinates":[[127.354876,37.537612],[127.354948,37.537592]]}},{"type":"Feature","properties":{"line":"gyeongui","ref":"경의·중앙","name":"경의·중앙선: 문산 → 용문","color":"#77C4A3"},"geometry":{"type":"LineString","coordinates":[[127.354948,37.537592],[127.359627,37.53631],[127.360356,37.536129],[127.361105,37.535897],[127.361931,37.535595],[127.362668,37.535308],[127.36345,37.534951],[127.364094,37.534627],[127.364705,37.534307],[127.365355,37.533899],[127.366349,37.533231]]}},{"type":"Feature","properties":{"line":"gyeongui","ref":"경의·중앙","name":"경의·중앙선: 문산 → 용문","color":"#77C4A3"},"geometry":{"type":"LineString","coordinates":[[127.366349,37.533231],[127.366782,37.532899]]}},{"type":"Feature","properties":{"line":"gyeongui","ref":"경의·중앙","name":"경의·중앙선: 문산 → 용문","color":"#77C4A3"},"geometry":{"type":"LineString","coordinates":[[127.366782,37.532899],[127.367357,37.532361],[127.367713,37.532025],[127.368076,37.531656],[127.368388,37.531301],[127.368833,37.530816]]}},{"type":"Feature","properties":{"line":"gyeongui","ref":"경의·중앙","name":"경의·중앙선: 문산 → 용문","color":"#77C4A3"},"geometry":{"type":"LineString","coordinates":[[127.368833,37.530816],[127.369034,37.530561]]}},{"type":"Feature","properties":{"line":"gyeongui","ref":"경의·중앙","name":"경의·중앙선: 문산 → 용문","color":"#77C4A3"},"geometry":{"type":"LineString","coordinates":[[127.369034,37.530561],[127.370923,37.528182]]}},{"type":"Feature","properties":{"line":"gyeongui","ref":"경의·중앙","name":"경의·중앙선: 문산 → 용문","color":"#77C4A3"},"geometry":{"type":"LineString","coordinates":[[127.370923,37.528182],[127.371359,37.527654],[127.371627,37.527331],[127.372429,37.526342],[127.373559,37.524938],[127.374555,37.5237]]}},{"type":"Feature","properties":{"line":"gyeongui","ref":"경의·중앙","name":"경의·중앙선: 문산 → 용문","color":"#77C4A3"},"geometry":{"type":"LineString","coordinates":[[127.374555,37.5237],[127.376134,37.521727]]}},{"type":"Feature","properties":{"line":"gyeongui","ref":"경의·중앙","name":"경의·중앙선: 문산 → 용문","color":"#77C4A3"},"geometry":{"type":"LineString","coordinates":[[127.376134,37.521727],[127.376295,37.52151],[127.378022,37.519203],[127.378853,37.518161]]}},{"type":"Feature","properties":{"line":"gyeongui","ref":"경의·중앙","name":"경의·중앙선: 문산 → 용문","color":"#77C4A3"},"geometry":{"type":"LineString","coordinates":[[127.378853,37.518161],[127.379306,37.517628],[127.379703,37.517206],[127.380091,37.516854],[127.380502,37.516532],[127.380927,37.516243],[127.381347,37.51598],[127.38175,37.51576]]}},{"type":"Feature","properties":{"line":"gyeongui","ref":"경의·중앙","name":"경의·중앙선: 문산 → 용문","color":"#77C4A3"},"geometry":{"type":"LineString","coordinates":[[127.38175,37.51576],[127.382219,37.515536]]}},{"type":"Feature","properties":{"line":"gyeongui","ref":"경의·중앙","name":"경의·중앙선: 문산 → 용문","color":"#77C4A3"},"geometry":{"type":"LineString","coordinates":[[127.382219,37.515536],[127.383459,37.514993]]}},{"type":"Feature","properties":{"line":"gyeongui","ref":"경의·중앙","name":"경의·중앙선: 문산 → 용문","color":"#77C4A3"},"geometry":{"type":"LineString","coordinates":[[127.383459,37.514993],[127.38373,37.514875]]}},{"type":"Feature","properties":{"line":"gyeongui","ref":"경의·중앙","name":"경의·중앙선: 문산 → 용문","color":"#77C4A3"},"geometry":{"type":"LineString","coordinates":[[127.38373,37.514875],[127.384569,37.514568],[127.385299,37.514383],[127.386247,37.514214],[127.38716,37.514119],[127.387903,37.514079],[127.388472,37.514079],[127.389038,37.514102],[127.389579,37.514146],[127.390303,37.514246],[127.391025,37.514394]]}},{"type":"Feature","properties":{"line":"gyeongui","ref":"경의·중앙","name":"경의·중앙선: 문산 → 용문","color":"#77C4A3"},"geometry":{"type":"LineString","coordinates":[[127.391025,37.514394],[127.392951,37.514792],[127.393329,37.51487],[127.394045,37.515029],[127.394195,37.515062],[127.395682,37.515389],[127.396897,37.515654],[127.398113,37.515925],[127.400339,37.516415],[127.40057,37.516466],[127.402015,37.516784],[127.403162,37.517052],[127.403715,37.517167],[127.406736,37.517828],[127.409274,37.518308],[127.41053,37.518495],[127.411022,37.518555]]}},{"type":"Feature","properties":{"line":"gyeongui","ref":"경의·중앙","name":"경의·중앙선: 문산 → 용문","color":"#77C4A3"},"geometry":{"type":"LineString","coordinates":[[127.411022,37.518555],[127.412355,37.518706]]}},{"type":"Feature","properties":{"line":"gyeongui","ref":"경의·중앙","name":"경의·중앙선: 문산 → 용문","color":"#77C4A3"},"geometry":{"type":"LineString","coordinates":[[127.412355,37.518706],[127.413075,37.518775]]}},{"type":"Feature","properties":{"line":"gyeongui","ref":"경의·중앙","name":"경의·중앙선: 문산 → 용문","color":"#77C4A3"},"geometry":{"type":"LineString","coordinates":[[127.413075,37.518775],[127.41339,37.518805]]}},{"type":"Feature","properties":{"line":"gyeongui","ref":"경의·중앙","name":"경의·중앙선: 문산 → 용문","color":"#77C4A3"},"geometry":{"type":"LineString","coordinates":[[127.41339,37.518805],[127.414264,37.518856]]}},{"type":"Feature","properties":{"line":"gyeongui","ref":"경의·중앙","name":"경의·중앙선: 문산 → 용문","color":"#77C4A3"},"geometry":{"type":"LineString","coordinates":[[127.414264,37.518856],[127.415983,37.51893],[127.418031,37.518931],[127.420171,37.518862],[127.422559,37.518672],[127.424634,37.518431],[127.426685,37.51806],[127.428897,37.517581],[127.435019,37.515975]]}},{"type":"Feature","properties":{"line":"gyeongui","ref":"경의·중앙","name":"경의·중앙선: 문산 → 용문","color":"#77C4A3"},"geometry":{"type":"LineString","coordinates":[[127.435019,37.515975],[127.436189,37.515712]]}},{"type":"Feature","properties":{"line":"gyeongui","ref":"경의·중앙","name":"경의·중앙선: 문산 → 용문","color":"#77C4A3"},"geometry":{"type":"LineString","coordinates":[[127.436189,37.515712],[127.438622,37.515099],[127.439233,37.514963],[127.439457,37.514913],[127.439873,37.514808],[127.441125,37.514474],[127.441861,37.514286],[127.444317,37.513665],[127.447407,37.512883],[127.447835,37.512781],[127.448856,37.512527]]}},{"type":"Feature","properties":{"line":"gyeongui","ref":"경의·중앙","name":"경의·중앙선: 문산 → 용문","color":"#77C4A3"},"geometry":{"type":"LineString","coordinates":[[127.448856,37.512527],[127.453405,37.511317]]}},{"type":"Feature","properties":{"line":"gyeongui","ref":"경의·중앙","name":"경의·중앙선: 문산 → 용문","color":"#77C4A3"},"geometry":{"type":"LineString","coordinates":[[127.453405,37.511317],[127.453616,37.511266]]}},{"type":"Feature","properties":{"line":"gyeongui","ref":"경의·중앙","name":"경의·중앙선: 문산 → 용문","color":"#77C4A3"},"geometry":{"type":"LineString","coordinates":[[127.453616,37.511266],[127.464405,37.508543]]}},{"type":"Feature","properties":{"line":"gyeongui","ref":"경의·중앙","name":"경의·중앙선: 문산 → 용문","color":"#77C4A3"},"geometry":{"type":"LineString","coordinates":[[127.464405,37.508543],[127.464661,37.508477]]}},{"type":"Feature","properties":{"line":"gyeongui","ref":"경의·중앙","name":"경의·중앙선: 문산 → 용문","color":"#77C4A3"},"geometry":{"type":"LineString","coordinates":[[127.464661,37.508477],[127.466891,37.507916]]}},{"type":"Feature","properties":{"line":"gyeongui","ref":"경의·중앙","name":"경의·중앙선: 문산 → 용문","color":"#77C4A3"},"geometry":{"type":"LineString","coordinates":[[127.466891,37.507916],[127.468182,37.50759]]}},{"type":"Feature","properties":{"line":"gyeongui","ref":"경의·중앙","name":"경의·중앙선: 문산 → 용문","color":"#77C4A3"},"geometry":{"type":"LineString","coordinates":[[127.468182,37.50759],[127.472018,37.506636]]}},{"type":"Feature","properties":{"line":"gyeongui","ref":"경의·중앙","name":"경의·중앙선: 문산 → 용문","color":"#77C4A3"},"geometry":{"type":"LineString","coordinates":[[127.472018,37.506636],[127.474662,37.505986],[127.474966,37.505912]]}},{"type":"Feature","properties":{"line":"gyeongui","ref":"경의·중앙","name":"경의·중앙선: 문산 → 용문","color":"#77C4A3"},"geometry":{"type":"LineString","coordinates":[[127.474966,37.505912],[127.475722,37.50566],[127.476194,37.505479],[127.476897,37.505225],[127.477541,37.504995],[127.478284,37.50469],[127.478905,37.504427],[127.479703,37.504067],[127.480439,37.503717],[127.481053,37.503393],[127.481749,37.502995],[127.482839,37.502343],[127.483327,37.502032]]}},{"type":"Feature","properties":{"line":"gyeongui","ref":"경의·중앙","name":"경의·중앙선: 문산 → 용문","color":"#77C4A3"},"geometry":{"type":"LineString","coordinates":[[127.483327,37.502032],[127.483592,37.501867],[127.483871,37.501693]]}},{"type":"Feature","properties":{"line":"gyeongui","ref":"경의·중앙","name":"경의·중앙선: 문산 → 용문","color":"#77C4A3"},"geometry":{"type":"LineString","coordinates":[[127.483871,37.501693],[127.484056,37.501574]]}},{"type":"Feature","properties":{"line":"gyeongui","ref":"경의·중앙","name":"경의·중앙선: 문산 → 용문","color":"#77C4A3"},"geometry":{"type":"LineString","coordinates":[[127.484056,37.501574],[127.484232,37.501445],[127.484853,37.500992],[127.485739,37.500234],[127.486479,37.499531],[127.487201,37.49888]]}},{"type":"Feature","properties":{"line":"gyeongui","ref":"경의·중앙","name":"경의·중앙선: 문산 → 용문","color":"#77C4A3"},"geometry":{"type":"LineString","coordinates":[[127.487201,37.49888],[127.488558,37.497165]]}},{"type":"Feature","properties":{"line":"gyeongui","ref":"경의·중앙","name":"경의·중앙선: 문산 → 용문","color":"#77C4A3"},"geometry":{"type":"LineString","coordinates":[[127.488558,37.497165],[127.488803,37.496856]]}},{"type":"Feature","properties":{"line":"gyeongui","ref":"경의·중앙","name":"경의·중앙선: 문산 → 용문","color":"#77C4A3"},"geometry":{"type":"LineString","coordinates":[[127.488803,37.496856],[127.488994,37.496615],[127.489536,37.495882]]}},{"type":"Feature","properties":{"line":"gyeongui","ref":"경의·중앙","name":"경의·중앙선: 문산 → 용문","color":"#77C4A3"},"geometry":{"type":"LineString","coordinates":[[127.489536,37.495882],[127.489922,37.495446],[127.490633,37.494644],[127.491451,37.493637],[127.491822,37.493166],[127.492441,37.492349],[127.492668,37.492065],[127.492926,37.491743]]}},{"type":"Feature","properties":{"line":"gyeongui","ref":"경의·중앙","name":"경의·중앙선: 문산 → 용문","color":"#77C4A3"},"geometry":{"type":"LineString","coordinates":[[127.492926,37.491743],[127.493213,37.491353]]}},{"type":"Feature","properties":{"line":"gyeongui","ref":"경의·중앙","name":"경의·중앙선: 문산 → 용문","color":"#77C4A3"},"geometry":{"type":"LineString","coordinates":[[127.493213,37.491353],[127.493519,37.490962],[127.49379,37.490545],[127.493993,37.490237],[127.494144,37.490008],[127.494527,37.489417]]}},{"type":"Feature","properties":{"line":"gyeongui","ref":"경의·중앙","name":"경의·중앙선: 문산 → 용문","color":"#77C4A3"},"geometry":{"type":"LineString","coordinates":[[127.494527,37.489417],[127.495906,37.487677],[127.496502,37.487008],[127.497375,37.486296],[127.497967,37.485931],[127.498675,37.485599],[127.499369,37.485351],[127.500015,37.485177],[127.500875,37.485038]]}},{"type":"Feature","properties":{"line":"gyeongui","ref":"경의·중앙","name":"경의·중앙선: 문산 → 용문","color":"#77C4A3"},"geometry":{"type":"LineString","coordinates":[[127.500875,37.485038],[127.509871,37.483581],[127.510475,37.483484]]}},{"type":"Feature","properties":{"line":"gyeongui","ref":"경의·중앙","name":"경의·중앙선: 문산 → 용문","color":"#77C4A3"},"geometry":{"type":"LineString","coordinates":[[127.510475,37.483484],[127.514528,37.482837]]}},{"type":"Feature","properties":{"line":"gyeongui","ref":"경의·중앙","name":"경의·중앙선: 문산 → 용문","color":"#77C4A3"},"geometry":{"type":"LineString","coordinates":[[127.514528,37.482837],[127.517688,37.482333]]}},{"type":"Feature","properties":{"line":"gyeongui","ref":"경의·중앙","name":"경의·중앙선: 문산 → 용문","color":"#77C4A3"},"geometry":{"type":"LineString","coordinates":[[127.517688,37.482333],[127.518492,37.482203],[127.519331,37.48203],[127.519894,37.481896],[127.520512,37.481726],[127.521141,37.481524],[127.521818,37.481258],[127.522364,37.481017],[127.522969,37.480695],[127.523413,37.480427],[127.523982,37.48004],[127.524472,37.479636],[127.524823,37.479317]]}},{"type":"Feature","properties":{"line":"gyeongui","ref":"경의·중앙","name":"경의·중앙선: 문산 → 용문","color":"#77C4A3"},"geometry":{"type":"LineString","coordinates":[[127.524823,37.479317],[127.525451,37.478672]]}},{"type":"Feature","properties":{"line":"gyeongui","ref":"경의·중앙","name":"경의·중앙선: 문산 → 용문","color":"#77C4A3"},"geometry":{"type":"LineString","coordinates":[[127.525451,37.478672],[127.526207,37.477823]]}},{"type":"Feature","properties":{"line":"gyeongui","ref":"경의·중앙","name":"경의·중앙선: 문산 → 용문","color":"#77C4A3"},"geometry":{"type":"LineString","coordinates":[[127.526207,37.477823],[127.526658,37.477323]]}},{"type":"Feature","properties":{"line":"gyeongui","ref":"경의·중앙","name":"경의·중앙선: 문산 → 용문","color":"#77C4A3"},"geometry":{"type":"LineString","coordinates":[[127.526658,37.477323],[127.528763,37.475058]]}},{"type":"Feature","properties":{"line":"gyeongui","ref":"경의·중앙","name":"경의·중앙선: 문산 → 용문","color":"#77C4A3"},"geometry":{"type":"LineString","coordinates":[[127.528763,37.475058],[127.52908,37.474717],[127.529846,37.474041],[127.530734,37.473388],[127.531978,37.472677],[127.533412,37.471909],[127.53425,37.471502],[127.535123,37.471121]]}},{"type":"Feature","properties":{"line":"gyeongui","ref":"경의·중앙","name":"경의·중앙선: 문산 → 용문","color":"#77C4A3"},"geometry":{"type":"LineString","coordinates":[[127.535123,37.471121],[127.536396,37.470635],[127.538041,37.47018],[127.53995,37.469803],[127.540581,37.469806]]}},{"type":"Feature","properties":{"line":"gyeongui","ref":"경의·중앙","name":"경의·중앙선: 문산 → 용문","color":"#77C4A3"},"geometry":{"type":"LineString","coordinates":[[127.540581,37.469806],[127.54097,37.469746]]}},{"type":"Feature","properties":{"line":"gyeongui","ref":"경의·중앙","name":"경의·중앙선: 문산 → 용문","color":"#77C4A3"},"geometry":{"type":"LineString","coordinates":[[127.54097,37.469746],[127.542483,37.469464],[127.544746,37.469113],[127.547678,37.468658],[127.550125,37.468279],[127.551487,37.468054]]}},{"type":"Feature","properties":{"line":"gyeongui","ref":"경의·중앙","name":"경의·중앙선: 문산 → 용문","color":"#77C4A3"},"geometry":{"type":"LineString","coordinates":[[127.551487,37.468054],[127.553048,37.467728],[127.553955,37.4676],[127.554942,37.467519],[127.555854,37.467468],[127.556959,37.467459],[127.558246,37.467455],[127.559754,37.467502]]}},{"type":"Feature","properties":{"line":"gyeongui","ref":"경의·중앙","name":"경의·중앙선: 문산 → 용문","color":"#77C4A3"},"geometry":{"type":"LineString","coordinates":[[127.559754,37.467502],[127.560977,37.46763],[127.562179,37.467796],[127.563609,37.46803],[127.564714,37.468272],[127.565263,37.468407],[127.566127,37.468694],[127.567931,37.469247]]}},{"type":"Feature","properties":{"line":"gyeongui","ref":"경의·중앙","name":"경의·중앙선: 문산 → 용문","color":"#77C4A3"},"geometry":{"type":"LineString","coordinates":[[127.567931,37.469247],[127.568601,37.469456]]}},{"type":"Feature","properties":{"line":"gyeongui","ref":"경의·중앙","name":"경의·중앙선: 문산 → 용문","color":"#77C4A3"},"geometry":{"type":"LineString","coordinates":[[127.568601,37.469456],[127.569304,37.46972],[127.570109,37.470069],[127.570824,37.47041],[127.574321,37.472375]]}},{"type":"Feature","properties":{"line":"gyeongui","ref":"경의·중앙","name":"경의·중앙선: 문산 → 용문","color":"#77C4A3"},"geometry":{"type":"LineString","coordinates":[[127.574321,37.472375],[127.575706,37.473153]]}},{"type":"Feature","properties":{"line":"gyeongui","ref":"경의·중앙","name":"경의·중앙선: 문산 → 용문","color":"#77C4A3"},"geometry":{"type":"LineString","coordinates":[[127.575706,37.473153],[127.576004,37.473315],[127.576224,37.473435]]}},{"type":"Feature","properties":{"line":"gyeongui","ref":"경의·중앙","name":"경의·중앙선: 문산 → 용문","color":"#77C4A3"},"geometry":{"type":"LineString","coordinates":[[127.576224,37.473435],[127.583577,37.477233]]}},{"type":"Feature","properties":{"line":"gyeongui","ref":"경의·중앙","name":"경의·중앙선: 문산 → 용문","color":"#77C4A3"},"geometry":{"type":"LineString","coordinates":[[127.583577,37.477233],[127.589016,37.479712]]}},{"type":"Feature","properties":{"line":"gyeongui","ref":"경의·중앙","name":"경의·중앙선: 문산 → 용문","color":"#77C4A3"},"geometry":{"type":"LineString","coordinates":[[127.589016,37.479712],[127.589058,37.479732]]}},{"type":"Feature","properties":{"line":"gyeongui","ref":"경의·중앙","name":"경의·중앙선: 문산 → 용문","color":"#77C4A3"},"geometry":{"type":"LineString","coordinates":[[127.594581,37.482323],[127.593152,37.481669],[127.593,37.4816],[127.591507,37.480916],[127.590343,37.480415],[127.589988,37.480235],[127.58953,37.479988],[127.589058,37.479732]]}},{"type":"Feature","properties":{"line":"gyeongui","ref":"경의·중앙","name":"경의·중앙선: 문산 → 서울역","color":"#77C4A3"},"geometry":{"type":"LineString","coordinates":[[126.823721,37.616456],[126.824193,37.616064]]}},{"type":"Feature","properties":{"line":"gyeongui","ref":"경의·중앙","name":"경의·중앙선: 문산 → 서울역","color":"#77C4A3"},"geometry":{"type":"LineString","coordinates":[[126.824193,37.616064],[126.824363,37.615932],[126.824748,37.615619],[126.824894,37.615501],[126.825493,37.61501],[126.826072,37.614541],[126.827085,37.613733],[126.827332,37.613543],[126.827552,37.613397],[126.827788,37.613243],[126.828054,37.61309],[126.828357,37.612935],[126.828701,37.61278],[126.829008,37.612653],[126.829365,37.612524],[126.829757,37.612411],[126.830238,37.612299],[126.830589,37.612234],[126.83096,37.612183],[126.83124,37.612154],[126.831541,37.612136],[126.831999,37.612126],[126.834183,37.612147],[126.843526,37.612261],[126.844463,37.612295],[126.844714,37.612313],[126.845628,37.61238],[126.846253,37.612411],[126.847296,37.612435],[126.849394,37.612486],[126.850084,37.612471],[126.85072,37.612409],[126.851337,37.612316],[126.851907,37.612176],[126.852403,37.612027],[126.852842,37.611857],[126.853183,37.611696],[126.853537,37.611523],[126.853881,37.611337],[126.854575,37.610941],[126.855171,37.610582],[126.856327,37.609911],[126.856622,37.609753],[126.857713,37.609231]]}},{"type":"Feature","properties":{"line":"gyeongui","ref":"경의·중앙","name":"경의·중앙선: 문산 → 서울역","color":"#77C4A3"},"geometry":{"type":"LineString","coordinates":[[126.857713,37.609231],[126.859025,37.608621]]}},{"type":"Feature","properties":{"line":"gyeongui","ref":"경의·중앙","name":"경의·중앙선: 문산 → 서울역","color":"#77C4A3"},"geometry":{"type":"LineString","coordinates":[[126.859025,37.608621],[126.859936,37.608223],[126.860789,37.607906],[126.862033,37.607438],[126.862766,37.607157],[126.863317,37.60692],[126.863859,37.606628],[126.864401,37.606276],[126.864999,37.605821],[126.865489,37.605429],[126.867044,37.604094],[126.867757,37.603506],[126.868561,37.602809],[126.869087,37.602353],[126.869211,37.602246],[126.871629,37.600131],[126.874007,37.598065],[126.875879,37.59644],[126.880824,37.592177],[126.882138,37.591047]]}},{"type":"Feature","properties":{"line":"gyeongui","ref":"경의·중앙","name":"경의·중앙선: 문산 → 서울역","color":"#77C4A3"},"geometry":{"type":"LineString","coordinates":[[126.882138,37.591047],[126.883577,37.589803],[126.884013,37.589446],[126.884574,37.588959],[126.885851,37.587871],[126.886813,37.587029],[126.887162,37.586736],[126.888811,37.585346],[126.889122,37.585105],[126.88955,37.584804],[126.890209,37.584351],[126.891106,37.583789],[126.892283,37.583084],[126.892827,37.582758],[126.893285,37.582476],[126.893737,37.582186],[126.894641,37.581586],[126.895198,37.58121],[126.896482,37.580351],[126.896618,37.58026],[126.897159,37.579882],[126.898317,37.579021],[126.899223,37.578369],[126.900891,37.577244],[126.90141,37.57689]]}},{"type":"Feature","properties":{"line":"gyeongui","ref":"경의·중앙","name":"경의·중앙선: 문산 → 서울역","color":"#77C4A3"},"geometry":{"type":"LineString","coordinates":[[126.90141,37.57689],[126.901658,37.576721],[126.902171,37.576375],[126.902242,37.576323]]}},{"type":"Feature","properties":{"line":"gyeongui","ref":"경의·중앙","name":"경의·중앙선: 문산 → 서울역","color":"#77C4A3"},"geometry":{"type":"LineString","coordinates":[[126.902242,37.576323],[126.902659,37.576019]]}},{"type":"Feature","properties":{"line":"gyeongui","ref":"경의·중앙","name":"경의·중앙선: 문산 → 서울역","color":"#77C4A3"},"geometry":{"type":"LineString","coordinates":[[126.902659,37.576019],[126.903816,37.575189],[126.904301,37.574842],[126.905785,37.573781],[126.906724,37.573139],[126.907416,37.572631],[126.907709,37.572425],[126.90805,37.572194],[126.90848,37.571904],[126.908907,37.571626],[126.909331,37.571368],[126.909782,37.571136],[126.910112,37.57099],[126.911799,37.570245],[126.913867,37.569284],[126.915684,37.568449],[126.916287,37.568171]]}},{"type":"Feature","properties":{"line":"gyeongui","ref":"경의·중앙","name":"경의·중앙선: 문산 → 서울역","color":"#77C4A3"},"geometry":{"type":"LineString","coordinates":[[126.916287,37.568171],[126.917258,37.567733]]}},{"type":"Feature","properties":{"line":"gyeongui","ref":"경의·중앙","name":"경의·중앙선: 문산 → 서울역","color":"#77C4A3"},"geometry":{"type":"LineString","coordinates":[[126.917258,37.567733],[126.917514,37.567617],[126.917924,37.567425],[126.918179,37.567313],[126.918381,37.567227],[126.918649,37.567117],[126.918973,37.566996],[126.919289,37.566893],[126.919668,37.566779],[126.920101,37.566668],[126.920395,37.5666],[126.920727,37.566527],[126.921171,37.566457],[126.921934,37.566333],[126.922783,37.566167],[126.923323,37.566068],[126.923645,37.566013],[126.92392,37.565951],[126.924151,37.565886],[126.924398,37.565811],[126.924629,37.565739],[126.924958,37.565608],[126.925344,37.565442],[126.925816,37.565205],[126.926097,37.565033],[126.92638,37.564842],[126.926661,37.564646],[126.926944,37.56443],[126.928123,37.563476]]}},{"type":"Feature","properties":{"line":"gyeongui","ref":"경의·중앙","name":"경의·중앙선: 문산 → 서울역","color":"#77C4A3"},"geometry":{"type":"LineString","coordinates":[[126.928123,37.563476],[126.928406,37.563238]]}},{"type":"Feature","properties":{"line":"gyeongui","ref":"경의·중앙","name":"경의·중앙선: 문산 → 서울역","color":"#77C4A3"},"geometry":{"type":"LineString","coordinates":[[126.928406,37.563238],[126.928871,37.562853],[126.929361,37.562449],[126.929788,37.562067],[126.930693,37.561302]]}},{"type":"Feature","properties":{"line":"gyeongui","ref":"경의·중앙","name":"경의·중앙선: 문산 → 서울역","color":"#77C4A3"},"geometry":{"type":"LineString","coordinates":[[126.930693,37.561302],[126.93147,37.560701]]}},{"type":"Feature","properties":{"line":"gyeongui","ref":"경의·중앙","name":"경의·중앙선: 문산 → 서울역","color":"#77C4A3"},"geometry":{"type":"LineString","coordinates":[[126.93147,37.560701],[126.931668,37.560555],[126.931981,37.560363],[126.932393,37.56015],[126.932865,37.559956],[126.933481,37.559785],[126.933782,37.559726],[126.934036,37.559686],[126.934266,37.55966],[126.934583,37.559643],[126.934994,37.559642],[126.935535,37.559641],[126.936594,37.559685],[126.936714,37.55969]]}},{"type":"Feature","properties":{"line":"gyeongui","ref":"경의·중앙","name":"경의·중앙선: 문산 → 서울역","color":"#77C4A3"},"geometry":{"type":"LineString","coordinates":[[126.936714,37.55969],[126.937103,37.559704]]}},{"type":"Feature","properties":{"line":"gyeongui","ref":"경의·중앙","name":"경의·중앙선: 문산 → 서울역","color":"#77C4A3"},"geometry":{"type":"LineString","coordinates":[[126.937103,37.559704],[126.940222,37.559795]]}},{"type":"Feature","properties":{"line":"gyeongui","ref":"경의·중앙","name":"경의·중앙선: 문산 → 서울역","color":"#77C4A3"},"geometry":{"type":"LineString","coordinates":[[126.940222,37.559795],[126.940393,37.559798],[126.94049,37.559809],[126.940611,37.55981],[126.941264,37.559826]]}},{"type":"Feature","properties":{"line":"gyeongui","ref":"경의·중앙","name":"경의·중앙선: 문산 → 서울역","color":"#77C4A3"},"geometry":{"type":"LineString","coordinates":[[126.941264,37.559826],[126.9429,37.559865],[126.943861,37.559892],[126.946055,37.559963],[126.946505,37.559986],[126.946941,37.560036]]}},{"type":"Feature","properties":{"line":"gyeongui","ref":"경의·중앙","name":"경의·중앙선: 문산 → 서울역","color":"#77C4A3"},"geometry":{"type":"LineString","coordinates":[[126.946941,37.560036],[126.947248,37.560106]]}},{"type":"Feature","properties":{"line":"gyeongui","ref":"경의·중앙","name":"경의·중앙선: 문산 → 서울역","color":"#77C4A3"},"geometry":{"type":"LineString","coordinates":[[126.947248,37.560106],[126.952541,37.561161]]}},{"type":"Feature","properties":{"line":"gyeongui","ref":"경의·중앙","name":"경의·중앙선: 문산 → 서울역","color":"#77C4A3"},"geometry":{"type":"LineString","coordinates":[[126.952541,37.561161],[126.95327,37.561283],[126.954257,37.561415],[126.955099,37.561517],[126.955795,37.561601]]}},{"type":"Feature","properties":{"line":"gyeongui","ref":"경의·중앙","name":"경의·중앙선: 문산 → 서울역","color":"#77C4A3"},"geometry":{"type":"LineString","coordinates":[[126.955795,37.561601],[126.955919,37.561616]]}},{"type":"Feature","properties":{"line":"gyeongui","ref":"경의·중앙","name":"경의·중앙선: 문산 → 서울역","color":"#77C4A3"},"geometry":{"type":"LineString","coordinates":[[126.955919,37.561616],[126.956677,37.561708],[126.957724,37.561798]]}},{"type":"Feature","properties":{"line":"gyeongui","ref":"경의·중앙","name":"경의·중앙선: 문산 → 서울역","color":"#77C4A3"},"geometry":{"type":"LineString","coordinates":[[126.957724,37.561798],[126.95813,37.561836],[126.961634,37.562293],[126.962143,37.562351]]}},{"type":"Feature","properties":{"line":"gyeongui","ref":"경의·중앙","name":"경의·중앙선: 문산 → 서울역","color":"#77C4A3"},"geometry":{"type":"LineString","coordinates":[[126.962143,37.562351],[126.962663,37.562392],[126.963187,37.562417],[126.964891,37.562471],[126.96574,37.562477],[126.966246,37.562444],[126.966677,37.562405],[126.967277,37.562302],[126.967579,37.562226],[126.96788,37.562128],[126.968454,37.561903],[126.968558,37.56186],[126.968859,37.561719],[126.969074,37.561607],[126.969359,37.561424],[126.969721,37.561199],[126.969995,37.560999],[126.970177,37.560816],[126.970333,37.560625]]}},{"type":"Feature","properties":{"line":"gyeongui","ref":"경의·중앙","name":"경의·중앙선: 문산 → 서울역","color":"#77C4A3"},"geometry":{"type":"LineString","coordinates":[[126.970333,37.560625],[126.970523,37.560356],[126.970564,37.560297]]}},{"type":"Feature","properties":{"line":"gyeongui","ref":"경의·중앙","name":"경의·중앙선: 문산 → 서울역","color":"#77C4A3"},"geometry":{"type":"LineString","coordinates":[[126.970564,37.560297],[126.970792,37.559928],[126.970899,37.55974],[126.971063,37.559358],[126.971111,37.559222],[126.971145,37.55909]]}},{"type":"Feature","properties":{"line":"gyeongui","ref":"경의·중앙","name":"경의·중앙선: 문산 → 서울역","color":"#77C4A3"},"geometry":{"type":"LineString","coordinates":[[126.971145,37.55909],[126.971168,37.558967],[126.971183,37.55881],[126.971209,37.558577],[126.971203,37.558324]]}},{"type":"Feature","properties":{"line":"gyeongui","ref":"경의·중앙","name":"경의·중앙선: 문산 → 서울역","color":"#77C4A3"},"geometry":{"type":"LineString","coordinates":[[126.971203,37.558324],[126.971226,37.557923],[126.971239,37.557731],[126.971241,37.557472],[126.971239,37.557343],[126.971239,37.557257]]}},{"type":"Feature","properties":{"line":"gyeongui","ref":"경의·중앙","name":"경의·중앙선: 서울역 → 문산","color":"#77C4A3"},"geometry":{"type":"LineString","coordinates":[[126.970333,37.560625],[126.970272,37.560685],[126.970248,37.560709],[126.970149,37.560803]]}},{"type":"Feature","properties":{"line":"gyeongui","ref":"경의·중앙","name":"경의·중앙선: 서울역 → 문산","color":"#77C4A3"},"geometry":{"type":"LineString","coordinates":[[126.970149,37.560803],[126.97003,37.560923],[126.969872,37.561046],[126.969571,37.561254],[126.969244,37.561452],[126.96902,37.561595],[126.968805,37.561705],[126.968492,37.561843],[126.968084,37.562],[126.967622,37.562165],[126.967158,37.562266],[126.966599,37.56236],[126.966034,37.562411],[126.965656,37.562427],[126.96495,37.562415],[126.963309,37.562345],[126.962821,37.562314],[126.962172,37.562252]]}},{"type":"Feature","properties":{"line":"gyeongui","ref":"경의·중앙","name":"경의·중앙선: 서울역 → 문산","color":"#77C4A3"},"geometry":{"type":"LineString","coordinates":[[126.962172,37.562252],[126.961294,37.562149],[126.958184,37.561748],[126.957739,37.561698]]}},{"type":"Feature","properties":{"line":"gyeongui","ref":"경의·중앙","name":"경의·중앙선: 서울역 → 문산","color":"#77C4A3"},"geometry":{"type":"LineString","coordinates":[[126.957739,37.561698],[126.956669,37.561598],[126.955938,37.561529]]}},{"type":"Feature","properties":{"line":"gyeongui","ref":"경의·중앙","name":"경의·중앙선: 서울역 → 문산","color":"#77C4A3"},"geometry":{"type":"LineString","coordinates":[[126.955938,37.561529],[126.955787,37.561519]]}},{"type":"Feature","properties":{"line":"gyeongui","ref":"경의·중앙","name":"경의·중앙선: 서울역 → 문산","color":"#77C4A3"},"geometry":{"type":"LineString","coordinates":[[126.955787,37.561519],[126.954558,37.561365],[126.95312,37.561143],[126.95257,37.561066]]}},{"type":"Feature","properties":{"line":"gyeongui","ref":"경의·중앙","name":"경의·중앙선: 서울역 → 문산","color":"#77C4A3"},"geometry":{"type":"LineString","coordinates":[[126.95257,37.561066],[126.947278,37.560023]]}},{"type":"Feature","properties":{"line":"gyeongui","ref":"경의·중앙","name":"경의·중앙선: 서울역 → 문산","color":"#77C4A3"},"geometry":{"type":"LineString","coordinates":[[126.947278,37.560023],[126.946962,37.559953]]}},{"type":"Feature","properties":{"line":"gyeongui","ref":"경의·중앙","name":"경의·중앙선: 서울역 → 문산","color":"#77C4A3"},"geometry":{"type":"LineString","coordinates":[[126.946962,37.559953],[126.946512,37.55989],[126.94413,37.559773],[126.941263,37.559693]]}},{"type":"Feature","properties":{"line":"gyeongui","ref":"경의·중앙","name":"경의·중앙선: 서울역 → 문산","color":"#77C4A3"},"geometry":{"type":"LineString","coordinates":[[126.941263,37.559693],[126.941115,37.559693],[126.940342,37.559676],[126.939005,37.559647],[126.937227,37.559609],[126.937103,37.559606]]}},{"type":"Feature","properties":{"line":"gyeongui","ref":"경의·중앙","name":"경의·중앙선: 서울역 → 문산","color":"#77C4A3"},"geometry":{"type":"LineString","coordinates":[[126.937103,37.559606],[126.936716,37.559598]]}},{"type":"Feature","properties":{"line":"gyeongui","ref":"경의·중앙","name":"경의·중앙선: 서울역 → 문산","color":"#77C4A3"},"geometry":{"type":"LineString","coordinates":[[126.936716,37.559598],[126.936576,37.559595],[126.935445,37.559571],[126.934778,37.55956],[126.934367,37.559586],[126.933819,37.559657],[126.933314,37.559776],[126.932886,37.559894],[126.932717,37.559962],[126.932353,37.56012],[126.93194,37.56033],[126.931649,37.560512],[126.93144,37.560676]]}},{"type":"Feature","properties":{"line":"gyeongui","ref":"경의·중앙","name":"경의·중앙선: 서울역 → 문산","color":"#77C4A3"},"geometry":{"type":"LineString","coordinates":[[126.93144,37.560676],[126.93065,37.561281]]}},{"type":"Feature","properties":{"line":"gyeongui","ref":"경의·중앙","name":"경의·중앙선: 서울역 → 문산","color":"#77C4A3"},"geometry":{"type":"LineString","coordinates":[[126.93065,37.561281],[126.929746,37.56204],[126.929344,37.5624],[126.92885,37.562821],[126.928378,37.563216]]}},{"type":"Feature","properties":{"line":"gyeongui","ref":"경의·중앙","name":"경의·중앙선: 서울역 → 문산","color":"#77C4A3"},"geometry":{"type":"LineString","coordinates":[[126.928378,37.563216],[126.92827,37.563301],[126.928091,37.563441]]}},{"type":"Feature","properties":{"line":"gyeongui","ref":"경의·중앙","name":"경의·중앙선: 서울역 → 문산","color":"#77C4A3"},"geometry":{"type":"LineString","coordinates":[[126.928091,37.563441],[126.926913,37.564391],[126.926799,37.564483],[126.926627,37.56462],[126.926408,37.564778],[126.926179,37.564938],[126.925977,37.565064],[126.925697,37.565221],[126.925433,37.56536],[126.925089,37.565512],[126.924728,37.565654],[126.924305,37.565798],[126.924083,37.565864],[126.923876,37.56592],[126.923632,37.565977],[126.923269,37.566043],[126.922918,37.566105],[126.921902,37.566295],[126.920834,37.566472],[126.92015,37.566598],[126.91984,37.566663],[126.919557,37.566723],[126.919158,37.566839],[126.918864,37.566937],[126.918557,37.567046],[126.918139,37.567217],[126.917802,37.567373],[126.917167,37.567663]]}},{"type":"Feature","properties":{"line":"gyeongui","ref":"경의·중앙","name":"경의·중앙선: 서울역 → 문산","color":"#77C4A3"},"geometry":{"type":"LineString","coordinates":[[126.917167,37.567663],[126.916233,37.568086]]}},{"type":"Feature","properties":{"line":"gyeongui","ref":"경의·중앙","name":"경의·중앙선: 서울역 → 문산","color":"#77C4A3"},"geometry":{"type":"LineString","coordinates":[[126.916233,37.568086],[126.915068,37.568636],[126.914261,37.569005],[126.914128,37.569066],[126.91282,37.569651],[126.911737,37.57017],[126.91064,37.570683],[126.910018,37.570971],[126.909649,37.571128],[126.909244,37.571339],[126.908896,37.571554],[126.908564,37.571787],[126.907908,37.572237],[126.907564,37.572464],[126.906235,37.573424],[126.905737,37.573766],[126.904975,37.5743],[126.903779,37.575155],[126.903646,37.575246],[126.902635,37.575995]]}},{"type":"Feature","properties":{"line":"gyeongui","ref":"경의·중앙","name":"경의·중앙선: 서울역 → 문산","color":"#77C4A3"},"geometry":{"type":"LineString","coordinates":[[126.902635,37.575995],[126.902213,37.5763]]}},{"type":"Feature","properties":{"line":"gyeongui","ref":"경의·중앙","name":"경의·중앙선: 서울역 → 문산","color":"#77C4A3"},"geometry":{"type":"LineString","coordinates":[[126.902213,37.5763],[126.902143,37.576349],[126.901519,37.576773],[126.901394,37.576858]]}},{"type":"Feature","properties":{"line":"gyeongui","ref":"경의·중앙","name":"경의·중앙선: 서울역 → 문산","color":"#77C4A3"},"geometry":{"type":"LineString","coordinates":[[126.901394,37.576858],[126.901033,37.577103],[126.899788,37.577941],[126.899179,37.57835],[126.898642,37.578732],[126.897835,37.579325],[126.897078,37.57988],[126.896583,37.580236],[126.894897,37.581367],[126.894615,37.581555],[126.893962,37.581985],[126.893314,37.582408],[126.892766,37.582753],[126.891064,37.583762],[126.89047,37.584136],[126.890012,37.584434],[126.889617,37.584705],[126.889316,37.584913],[126.889028,37.585114],[126.888765,37.585319],[126.887299,37.586556],[126.887105,37.586719],[126.886748,37.587029],[126.886414,37.587329],[126.885076,37.588472],[126.883544,37.589771],[126.882475,37.590696],[126.882104,37.591016]]}},{"type":"Feature","properties":{"line":"gyeongui","ref":"경의·중앙","name":"경의·중앙선: 서울역 → 문산","color":"#77C4A3"},"geometry":{"type":"LineString","coordinates":[[126.882104,37.591016],[126.880809,37.59213],[126.875828,37.596423],[126.873968,37.598049],[126.872096,37.599668],[126.8692,37.6022],[126.867891,37.603329],[126.867705,37.60349],[126.867191,37.603901],[126.866997,37.604071],[126.865503,37.605355],[126.865183,37.605616],[126.864447,37.606171],[126.86386,37.606558],[126.863329,37.60685],[126.862748,37.607107],[126.86075,37.607867],[126.859887,37.608187],[126.858996,37.608583]]}},{"type":"Feature","properties":{"line":"gyeongui","ref":"경의·중앙","name":"경의·중앙선: 서울역 → 문산","color":"#77C4A3"},"geometry":{"type":"LineString","coordinates":[[126.858996,37.608583],[126.857684,37.60919]]}},{"type":"Feature","properties":{"line":"gyeongui","ref":"경의·중앙","name":"경의·중앙선: 서울역 → 문산","color":"#77C4A3"},"geometry":{"type":"LineString","coordinates":[[126.857684,37.60919],[126.856589,37.609715],[126.856246,37.609896],[126.855291,37.610459],[126.854819,37.61074],[126.854208,37.611094],[126.85378,37.611339],[126.853465,37.611506],[126.853148,37.61166],[126.852695,37.611862],[126.852142,37.612051],[126.851565,37.612212],[126.851012,37.612316],[126.85028,37.612406],[126.849496,37.612431],[126.847329,37.61238],[126.846251,37.61237],[126.845636,37.612339],[126.844473,37.612259],[126.844281,37.612252],[126.843474,37.61222],[126.834183,37.6121],[126.832008,37.612082],[126.831546,37.612084],[126.831234,37.612092],[126.830964,37.612113],[126.830568,37.612158],[126.830199,37.612211],[126.829727,37.612312],[126.829273,37.612432],[126.828938,37.612545],[126.828585,37.612668],[126.828247,37.612812],[126.827919,37.612977],[126.827627,37.613147],[126.827398,37.613285],[126.827168,37.613447],[126.826935,37.613615],[126.826637,37.613853],[126.824799,37.615338],[126.824652,37.615456],[126.824033,37.615952]]}},{"type":"Feature","properties":{"line":"gyeongui","ref":"경의·중앙","name":"경의·중앙선: 서울역 → 문산","color":"#77C4A3"},"geometry":{"type":"LineString","coordinates":[[126.824033,37.615952],[126.823645,37.616271]]}},{"type":"Feature","properties":{"line":"gyeongui","ref":"경의·중앙","name":"경의·중앙선: 문산 → 임진강","color":"#77C4A3"},"geometry":{"type":"LineString","coordinates":[[126.787989,37.855307],[126.787994,37.855404],[126.788019,37.855853],[126.788045,37.8563],[126.788044,37.856612],[126.788048,37.856853],[126.788076,37.857262],[126.788112,37.857659],[126.788133,37.85786],[126.788147,37.857971]]}},{"type":"Feature","properties":{"line":"gyeongui","ref":"경의·중앙","name":"경의·중앙선: 문산 → 임진강","color":"#77C4A3"},"geometry":{"type":"LineString","coordinates":[[126.788147,37.857971],[126.788167,37.858466],[126.788172,37.858605],[126.788182,37.858895],[126.78819,37.859175],[126.788191,37.859477]]}},{"type":"Feature","properties":{"line":"gyeongui","ref":"경의·중앙","name":"경의·중앙선: 문산 → 임진강","color":"#77C4A3"},"geometry":{"type":"LineString","coordinates":[[126.789012,37.863748],[126.788865,37.863275],[126.788814,37.863092],[126.788543,37.862126],[126.788494,37.861903],[126.788374,37.861365],[126.788333,37.861091],[126.788312,37.860783],[126.788284,37.860397],[126.788235,37.859834],[126.788213,37.859704],[126.788191,37.859477]]}},{"type":"Feature","properties":{"line":"gyeongui","ref":"경의·중앙","name":"경의·중앙선: 문산 → 임진강","color":"#77C4A3"},"geometry":{"type":"LineString","coordinates":[[126.78915,37.871884],[126.789565,37.871333],[126.789753,37.871043],[126.790059,37.870369],[126.790212,37.869773],[126.790266,37.869171],[126.790268,37.868534],[126.790206,37.868187],[126.790017,37.867427],[126.789271,37.864835],[126.789072,37.864035],[126.789012,37.863748]]}},{"type":"Feature","properties":{"line":"gyeongui","ref":"경의·중앙","name":"경의·중앙선: 문산 → 임진강","color":"#77C4A3"},"geometry":{"type":"LineString","coordinates":[[126.786642,37.873668],[126.787232,37.873408],[126.787621,37.873202],[126.78813,37.872838],[126.78856,37.872491],[126.78915,37.871884]]}},{"type":"Feature","properties":{"line":"gyeongui","ref":"경의·중앙","name":"경의·중앙선: 문산 → 임진강","color":"#77C4A3"},"geometry":{"type":"LineString","coordinates":[[126.786642,37.873668],[126.781355,37.875389],[126.774304,37.877683],[126.774246,37.877702]]}},{"type":"Feature","properties":{"line":"gyeongui","ref":"경의·중앙","name":"경의·중앙선: 문산 → 임진강","color":"#77C4A3"},"geometry":{"type":"LineString","coordinates":[[126.774246,37.877702],[126.773689,37.877892]]}},{"type":"Feature","properties":{"line":"gyeongui","ref":"경의·중앙","name":"경의·중앙선: 문산 → 임진강","color":"#77C4A3"},"geometry":{"type":"LineString","coordinates":[[126.773689,37.877892],[126.772654,37.878236],[126.771833,37.878619],[126.771446,37.878818],[126.771074,37.879036],[126.77081,37.879202],[126.769942,37.879829],[126.769572,37.880112]]}},{"type":"Feature","properties":{"line":"gyeongui","ref":"경의·중앙","name":"경의·중앙선: 문산 → 임진강","color":"#77C4A3"},"geometry":{"type":"LineString","coordinates":[[126.769572,37.880112],[126.76945,37.880198],[126.767794,37.881392]]}},{"type":"Feature","properties":{"line":"gyeongui","ref":"경의·중앙","name":"경의·중앙선: 문산 → 임진강","color":"#77C4A3"},"geometry":{"type":"LineString","coordinates":[[126.767794,37.881392],[126.767741,37.88143]]}},{"type":"Feature","properties":{"line":"gyeongui","ref":"경의·중앙","name":"경의·중앙선: 문산 → 임진강","color":"#77C4A3"},"geometry":{"type":"LineString","coordinates":[[126.767741,37.88143],[126.76632,37.882466],[126.765798,37.882863],[126.763053,37.884854],[126.762723,37.885091],[126.760926,37.886388],[126.760532,37.886673],[126.760208,37.886881],[126.759834,37.887052],[126.759502,37.887195],[126.758842,37.88744],[126.758175,37.88762],[126.757372,37.88775],[126.757003,37.887778],[126.756146,37.887843],[126.754661,37.887925],[126.754227,37.887946],[126.753382,37.887994],[126.752378,37.888051]]}},{"type":"Feature","properties":{"line":"gyeongui","ref":"경의·중앙","name":"경의·중앙선: 문산 → 임진강","color":"#77C4A3"},"geometry":{"type":"LineString","coordinates":[[126.752378,37.888051],[126.751854,37.88808]]}},{"type":"Feature","properties":{"line":"gyeongui","ref":"경의·중앙","name":"경의·중앙선: 문산 → 임진강","color":"#77C4A3"},"geometry":{"type":"LineString","coordinates":[[126.751854,37.88808],[126.751619,37.888099],[126.751457,37.888109]]}},{"type":"Feature","properties":{"line":"gyeongui","ref":"경의·중앙","name":"경의·중앙선: 문산 → 임진강","color":"#77C4A3"},"geometry":{"type":"LineString","coordinates":[[126.751457,37.888109],[126.749215,37.888225]]}},{"type":"Feature","properties":{"line":"gyeongui","ref":"경의·중앙","name":"경의·중앙선: 임진강 → 문산","color":"#77C4A3"},"geometry":{"type":"LineString","coordinates":[[126.788147,37.857971],[126.788156,37.85781]]}},{"type":"Feature","properties":{"line":"gyeongui","ref":"경의·중앙","name":"경의·중앙선: 임진강 → 문산","color":"#77C4A3"},"geometry":{"type":"LineString","coordinates":[[126.788156,37.85781],[126.788174,37.857417],[126.78819,37.856941],[126.788217,37.856422],[126.788227,37.85613],[126.788205,37.855394],[126.78818,37.854607],[126.788144,37.853621]]}},{"type":"Feature","properties":{"line":"gyeongui","ref":"경의·중앙","name":"경의·중앙선: 지평 → 문산","color":"#77C4A3"},"geometry":{"type":"LineString","coordinates":[[127.625957,37.47872],[127.626572,37.478298],[127.627017,37.477956],[127.628861,37.476812]]}},{"type":"Feature","properties":{"line":"gyeongui","ref":"경의·중앙","name":"경의·중앙선: 지평 → 문산","color":"#77C4A3"},"geometry":{"type":"LineString","coordinates":[[127.625957,37.47872],[127.625911,37.47875]]}},{"type":"Feature","properties":{"line":"gyeongui","ref":"경의·중앙","name":"경의·중앙선: 지평 → 문산","color":"#77C4A3"},"geometry":{"type":"LineString","coordinates":[[127.625911,37.47875],[127.625332,37.479099]]}},{"type":"Feature","properties":{"line":"gyeongui","ref":"경의·중앙","name":"경의·중앙선: 지평 → 문산","color":"#77C4A3"},"geometry":{"type":"LineString","coordinates":[[127.625332,37.479099],[127.625023,37.479261]]}},{"type":"Feature","properties":{"line":"gyeongui","ref":"경의·중앙","name":"경의·중앙선: 지평 → 문산","color":"#77C4A3"},"geometry":{"type":"LineString","coordinates":[[127.625023,37.479261],[127.623177,37.480373]]}},{"type":"Feature","properties":{"line":"gyeongui","ref":"경의·중앙","name":"경의·중앙선: 지평 → 문산","color":"#77C4A3"},"geometry":{"type":"LineString","coordinates":[[127.623177,37.480373],[127.62254,37.480765]]}},{"type":"Feature","properties":{"line":"gyeongui","ref":"경의·중앙","name":"경의·중앙선: 지평 → 문산","color":"#77C4A3"},"geometry":{"type":"LineString","coordinates":[[127.62254,37.480765],[127.621757,37.481257],[127.619191,37.482787]]}},{"type":"Feature","properties":{"line":"gyeongui","ref":"경의·중앙","name":"경의·중앙선: 지평 → 문산","color":"#77C4A3"},"geometry":{"type":"LineString","coordinates":[[127.619191,37.482787],[127.613414,37.486301]]}},{"type":"Feature","properties":{"line":"gyeongui","ref":"경의·중앙","name":"경의·중앙선: 지평 → 문산","color":"#77C4A3"},"geometry":{"type":"LineString","coordinates":[[127.613414,37.486301],[127.612812,37.48665],[127.612072,37.487017],[127.611292,37.487288],[127.610479,37.487501],[127.609983,37.487585],[127.609847,37.4876],[127.609389,37.48765]]}},{"type":"Feature","properties":{"line":"gyeongui","ref":"경의·중앙","name":"경의·중앙선: 지평 → 문산","color":"#77C4A3"},"geometry":{"type":"LineString","coordinates":[[127.609389,37.48765],[127.608909,37.48768],[127.608793,37.487687],[127.608218,37.487699]]}},{"type":"Feature","properties":{"line":"gyeongui","ref":"경의·중앙","name":"경의·중앙선: 지평 → 문산","color":"#77C4A3"},"geometry":{"type":"LineString","coordinates":[[127.608218,37.487699],[127.60762,37.487654],[127.607102,37.487573],[127.606565,37.487447],[127.606075,37.487291],[127.604622,37.486652]]}},{"type":"Feature","properties":{"line":"gyeongui","ref":"경의·중앙","name":"경의·중앙선: 지평 → 문산","color":"#77C4A3"},"geometry":{"type":"LineString","coordinates":[[127.604622,37.486652],[127.597419,37.483453]]}},{"type":"Feature","properties":{"line":"gyeongui","ref":"경의·중앙","name":"경의·중앙선: 지평 → 문산","color":"#77C4A3"},"geometry":{"type":"LineString","coordinates":[[127.596021,37.482695],[127.596166,37.482774],[127.596852,37.483145],[127.596936,37.483191],[127.597419,37.483453]]}},{"type":"Feature","properties":{"line":"gyeongui","ref":"경의·중앙","name":"경의·중앙선: 지평 → 문산","color":"#77C4A3"},"geometry":{"type":"LineString","coordinates":[[127.596021,37.482695],[127.595401,37.482325],[127.594795,37.482047]]}},{"type":"Feature","properties":{"line":"gyeongui","ref":"경의·중앙","name":"경의·중앙선 셔틀: 임진강 → 도라산","color":"#77C4A3"},"geometry":{"type":"LineString","coordinates":[[126.749215,37.888225],[126.747463,37.888316],[126.745742,37.888413]]}},{"type":"Feature","properties":{"line":"gyeongui","ref":"경의·중앙","name":"경의·중앙선 셔틀: 임진강 → 도라산","color":"#77C4A3"},"geometry":{"type":"LineString","coordinates":[[126.745742,37.888413],[126.745602,37.888421],[126.745551,37.888424],[126.745464,37.888429]]}},{"type":"Feature","properties":{"line":"gyeongui","ref":"경의·중앙","name":"경의·중앙선 셔틀: 임진강 → 도라산","color":"#77C4A3"},"geometry":{"type":"LineString","coordinates":[[126.745464,37.888429],[126.744851,37.888461]]}},{"type":"Feature","properties":{"line":"gyeongui","ref":"경의·중앙","name":"경의·중앙선 셔틀: 임진강 → 도라산","color":"#77C4A3"},"geometry":{"type":"LineString","coordinates":[[126.744851,37.888461],[126.744247,37.888521],[126.743781,37.888568],[126.742782,37.888687],[126.741832,37.88885],[126.738412,37.88958],[126.738157,37.88964]]}},{"type":"Feature","properties":{"line":"gyeongui","ref":"경의·중앙","name":"경의·중앙선 셔틀: 임진강 → 도라산","color":"#77C4A3"},"geometry":{"type":"LineString","coordinates":[[126.738157,37.88964],[126.736069,37.890115]]}},{"type":"Feature","properties":{"line":"gyeongui","ref":"경의·중앙","name":"경의·중앙선 셔틀: 임진강 → 도라산","color":"#77C4A3"},"geometry":{"type":"LineString","coordinates":[[126.736069,37.890115],[126.730509,37.891379]]}},{"type":"Feature","properties":{"line":"gyeongui","ref":"경의·중앙","name":"경의·중앙선 셔틀: 임진강 → 도라산","color":"#77C4A3"},"geometry":{"type":"LineString","coordinates":[[126.730509,37.891379],[126.729971,37.891501]]}},{"type":"Feature","properties":{"line":"gyeongui","ref":"경의·중앙","name":"경의·중앙선 셔틀: 임진강 → 도라산","color":"#77C4A3"},"geometry":{"type":"LineString","coordinates":[[126.729971,37.891501],[126.725538,37.892721],[126.72477,37.892918],[126.723798,37.893156],[126.722804,37.89336],[126.721293,37.893654],[126.720132,37.893812],[126.718573,37.894071],[126.717822,37.89418],[126.716772,37.894351],[126.716285,37.894447],[126.715815,37.894538],[126.715408,37.894637],[126.714601,37.894933],[126.713774,37.895318],[126.713429,37.8955],[126.713097,37.895713],[126.712562,37.896033],[126.712522,37.896058],[126.7124,37.896141],[126.71221,37.89627]]}},{"type":"Feature","properties":{"line":"gyeongui","ref":"경의·중앙","name":"경의·중앙선 셔틀: 임진강 → 도라산","color":"#77C4A3"},"geometry":{"type":"LineString","coordinates":[[126.71221,37.89627],[126.711987,37.896443],[126.711817,37.896595],[126.711613,37.896767]]}},{"type":"Feature","properties":{"line":"gyeongui","ref":"경의·중앙","name":"경의·중앙선 셔틀: 임진강 → 도라산","color":"#77C4A3"},"geometry":{"type":"LineString","coordinates":[[126.709007,37.898676],[126.710914,37.897407],[126.711066,37.89729],[126.711186,37.89719],[126.711291,37.897093],[126.711382,37.897005],[126.711491,37.896901],[126.711613,37.896767]]}},{"type":"Feature","properties":{"line":"gyeongui","ref":"경의·중앙","name":"경의·중앙선 셔틀: 임진강 → 도라산","color":"#77C4A3"},"geometry":{"type":"LineString","coordinates":[[126.708934,37.898725],[126.709007,37.898676]]}},{"type":"Feature","properties":{"line":"gyeongui","ref":"경의·중앙","name":"경의·중앙선 셔틀: 임진강 → 도라산","color":"#77C4A3"},"geometry":{"type":"LineString","coordinates":[[126.708537,37.898982],[126.708934,37.898725]]}},{"type":"Feature","properties":{"line":"gyeongui","ref":"경의·중앙","name":"경의·중앙선 셔틀: 임진강 → 도라산","color":"#77C4A3"},"geometry":{"type":"LineString","coordinates":[[126.708436,37.899051],[126.708537,37.898982]]}}]}