{"type":"FeatureCollection","features":[{"type":"Feature","properties":{"line":"suin-bundang","ref":"수인·분당","name":"수인·분당선: 고색 → 왕십리","color":"#F5A200"},"geometry":{"type":"LineString","coordinates":[[126.983144,37.250659],[126.981986,37.250332],[126.981796,37.250278],[126.981354,37.250154],[126.981328,37.250146],[126.98127,37.250127],[126.981212,37.250107],[126.980981,37.250029],[126.980394,37.249832]]}},{"type":"Feature","properties":{"line":"suin-bundang","ref":"수인·분당","name":"수인·분당선: 고색 → 왕십리","color":"#F5A200"},"geometry":{"type":"LineString","coordinates":[[126.983144,37.250659],[126.983254,37.250697],[126.983598,37.250813],[126.986921,37.251939],[126.988479,37.252487],[126.988792,37.252597],[126.990598,37.253302]]}},{"type":"Feature","properties":{"line":"suin-bundang","ref":"수인·분당","name":"수인·분당선: 고색 → 왕십리","color":"#F5A200"},"geometry":{"type":"LineString","coordinates":[[126.990598,37.253302],[126.990937,37.253444],[126.991394,37.253752],[126.991659,37.253971],[126.991841,37.25422],[126.992044,37.254599],[126.992447,37.255392],[126.992532,37.255599],[126.992907,37.256535],[126.994099,37.260387],[126.994442,37.261217],[126.994625,37.26166],[126.995068,37.262672],[126.995431,37.263585],[126.995746,37.264046],[126.996083,37.264409],[126.996675,37.264798],[126.997966,37.26529],[126.998763,37.265613],[126.998916,37.265674],[126.99909,37.265745],[126.999208,37.265793]]}},{"type":"Feature","properties":{"line":"suin-bundang","ref":"수인·분당","name":"수인·분당선: 고색 → 왕십리","color":"#F5A200"},"geometry":{"type":"LineString","coordinates":[[126.999208,37.265793],[126.999903,37.266084],[126.999968,37.266112],[127.000074,37.266154],[127.001349,37.266659],[127.001444,37.266698],[127.001576,37.266753],[127.001593,37.266761],[127.001671,37.266795]]}},{"type":"Feature","properties":{"line":"suin-bundang","ref":"수인·분당","name":"수인·분당선: 고색 → 왕십리","color":"#F5A200"},"geometry":{"type":"LineString","coordinates":[[127.001671,37.266795],[127.00171,37.26681],[127.001753,37.266827],[127.002105,37.266954],[127.002735,37.267182],[127.005318,37.268116],[127.006146,37.268225],[127.006871,37.268204],[127.007609,37.268135],[127.008119,37.268056],[127.008857,37.267908],[127.009953,37.267507],[127.010972,37.266961],[127.012233,37.266287]]}},{"type":"Feature","properties":{"line":"suin-bundang","ref":"수인·분당","name":"수인·분당선: 고색 → 왕십리","color":"#F5A200"},"geometry":{"type":"LineString","coordinates":[[127.012233,37.266287],[127.01242,37.26623],[127.013172,37.266004],[127.013249,37.265981],[127.014244,37.265783],[127.015708,37.2655],[127.018036,37.264996]]}},{"type":"Feature","properties":{"line":"suin-bundang","ref":"수인·분당","name":"수인·분당선: 고색 → 왕십리","color":"#F5A200"},"geometry":{"type":"LineString","coordinates":[[127.018036,37.264996],[127.019728,37.264677],[127.020707,37.264512],[127.022723,37.264001],[127.024974,37.263388],[127.025387,37.263295]]}},{"type":"Feature","properties":{"line":"suin-bundang","ref":"수인·분당","name":"수인·분당선: 고색 → 왕십리","color":"#F5A200"},"geometry":{"type":"LineString","coordinates":[[127.025387,37.263295],[127.026701,37.262964],[127.031903,37.261756],[127.034324,37.261102],[127.034689,37.260937],[127.034923,37.260786],[127.035319,37.260447],[127.035674,37.26004],[127.035791,37.259853],[127.035885,37.259663],[127.036004,37.259336],[127.036095,37.258922],[127.036252,37.257994],[127.036436,37.257279],[127.036557,37.256995],[127.036686,37.256791],[127.036882,37.256552],[127.037082,37.256378],[127.037235,37.256262],[127.037843,37.255803],[127.038156,37.255581],[127.038797,37.255208],[127.039167,37.254937],[127.039448,37.254662],[127.039742,37.254284],[127.040478,37.253051],[127.04096,37.252376],[127.041227,37.252038],[127.04159,37.251615],[127.041759,37.25145]]}},{"type":"Feature","properties":{"line":"suin-bundang","ref":"수인·분당","name":"수인·분당선: 고색 → 왕십리","color":"#F5A200"},"geometry":{"type":"LineString","coordinates":[[127.041759,37.25145],[127.042059,37.251221],[127.050128,37.245948],[127.05038,37.245825],[127.050709,37.245692],[127.051079,37.245594],[127.051583,37.245522],[127.052176,37.245505],[127.054734,37.245575],[127.055623,37.245607]]}},{"type":"Feature","properties":{"line":"suin-bundang","ref":"수인·분당","name":"수인·분당선: 고색 → 왕십리","color":"#F5A200"},"geometry":{"type":"LineString","coordinates":[[127.055623,37.245607],[127.057003,37.245644]]}},{"type":"Feature","properties":{"line":"suin-bundang","ref":"수인·분당","name":"수인·분당선: 고색 → 왕십리","color":"#F5A200"},"geometry":{"type":"LineString","coordinates":[[127.057003,37.245644],[127.059379,37.245726],[127.060363,37.24575],[127.064466,37.245867],[127.064959,37.245909],[127.065416,37.24599],[127.065771,37.246091],[127.066091,37.246251],[127.066374,37.246418],[127.066712,37.246676],[127.067023,37.246937],[127.067424,37.247298],[127.071244,37.251384],[127.071402,37.251547],[127.072613,37.252802],[127.075596,37.255917],[127.076135,37.256458],[127.079489,37.259998],[127.079549,37.26006],[127.079814,37.260356],[127.080673,37.261292],[127.081189,37.26162],[127.081851,37.261887],[127.082664,37.262071],[127.083833,37.262151],[127.084952,37.262082],[127.085574,37.262005],[127.085768,37.261969]]}},{"type":"Feature","properties":{"line":"suin-bundang","ref":"수인·분당","name":"수인·분당선: 고색 → 왕십리","color":"#F5A200"},"geometry":{"type":"LineString","coordinates":[[127.085768,37.261969],[127.090039,37.26115],[127.091802,37.260917],[127.092746,37.260834],[127.093595,37.260818],[127.107541,37.261666]]}},{"type":"Feature","properties":{"line":"suin-bundang","ref":"수인·분당","name":"수인·분당선: 고색 → 왕십리","color":"#F5A200"},"geometry":{"type":"LineString","coordinates":[[127.107541,37.261666],[127.108868,37.261752],[127.111566,37.261849],[127.112223,37.261919],[127.112648,37.262011],[127.113111,37.262122],[127.113509,37.262268],[127.113526,37.262274],[127.113847,37.262422],[127.114111,37.262544],[127.114453,37.262802],[127.114783,37.263045],[127.115109,37.263344],[127.115353,37.263623],[127.115605,37.263995],[127.115712,37.264189],[127.115798,37.264386],[127.115885,37.264644],[127.115962,37.265079],[127.115998,37.265696],[127.116025,37.267685],[127.115993,37.273573],[127.115991,37.273729],[127.115991,37.273843],[127.115986,37.275507],[127.115985,37.275638],[127.115915,37.276994],[127.11591,37.277285],[127.115883,37.278732],[127.115876,37.279617],[127.11585,37.280726],[127.115805,37.281621],[127.115763,37.281796],[127.115696,37.281988],[127.115604,37.282193],[127.115481,37.282417],[127.115405,37.282541],[127.115304,37.282682],[127.115205,37.282806],[127.115106,37.28291],[127.114934,37.283056],[127.11202,37.285534],[127.111335,37.286116],[127.110582,37.286757],[127.110171,37.287106],[127.108605,37.288438],[127.10848,37.288547],[127.108108,37.288871],[127.108053,37.288925],[127.107658,37.289315],[127.107242,37.289777],[127.106989,37.2901],[127.106754,37.290458],[127.106532,37.290862],[127.106368,37.291226],[127.106209,37.291696],[127.10607,37.292141],[127.105992,37.292476],[127.10588,37.293133],[127.10573,37.294526],[127.105669,37.295675],[127.105717,37.299021],[127.105776,37.30335],[127.105806,37.303861],[127.105849,37.305423],[127.1059,37.306247],[127.10596,37.306511],[127.105982,37.306549],[127.106014,37.306726],[127.106088,37.306887],[127.106172,37.307052],[127.106254,37.307205],[127.106352,37.307336],[127.106466,37.307485]]}},{"type":"Feature","properties":{"line":"suin-bundang","ref":"수인·분당","name":"수인·분당선: 고색 → 왕십리","color":"#F5A200"},"geometry":{"type":"LineString","coordinates":[[127.106466,37.307485],[127.106609,37.307659],[127.10674,37.307808],[127.107464,37.308391],[127.107647,37.308558],[127.107794,37.308728],[127.107924,37.308905],[127.108042,37.309083],[127.108144,37.309269],[127.108212,37.309436],[127.108272,37.309623],[127.108318,37.309765],[127.108343,37.309917],[127.10837,37.310107],[127.108374,37.3102],[127.108387,37.310463],[127.108388,37.310933],[127.108383,37.311511],[127.108385,37.311808],[127.108353,37.312087],[127.108298,37.312352],[127.107253,37.317285],[127.107192,37.317705],[127.107186,37.317901],[127.107184,37.318047],[127.107191,37.318189],[127.107198,37.318332]]}},{"type":"Feature","properties":{"line":"suin-bundang","ref":"수인·분당","name":"수인·분당선: 고색 → 왕십리","color":"#F5A200"},"geometry":{"type":"LineString","coordinates":[[127.107198,37.318332],[127.107202,37.31855],[127.107223,37.319894],[127.107255,37.320629]]}},{"type":"Feature","properties":{"line":"suin-bundang","ref":"수인·분당","name":"수인·분당선: 고색 → 왕십리","color":"#F5A200"},"geometry":{"type":"LineString","coordinates":[[127.107255,37.320629],[127.107293,37.321507],[127.1073,37.32165]]}},{"type":"Feature","properties":{"line":"suin-bundang","ref":"수인·분당","name":"수인·분당선: 고색 → 왕십리","color":"#F5A200"},"geometry":{"type":"LineString","coordinates":[[127.1073,37.32165],[127.107313,37.321956],[127.107328,37.322306]]}},{"type":"Feature","properties":{"line":"suin-bundang","ref":"수인·분당","name":"수인·분당선: 고색 → 왕십리","color":"#F5A200"},"geometry":{"type":"LineString","coordinates":[[127.107328,37.322306],[127.107318,37.322765]]}},{"type":"Feature","properties":{"line":"suin-bundang","ref":"수인·분당","name":"수인·분당선: 고색 → 왕십리","color":"#F5A200"},"geometry":{"type":"LineString","coordinates":[[127.107318,37.322765],[127.107321,37.322989],[127.107322,37.323039],[127.107323,37.323133]]}},{"type":"Feature","properties":{"line":"suin-bundang","ref":"수인·분당","name":"수인·분당선: 고색 → 왕십리","color":"#F5A200"},"geometry":{"type":"LineString","coordinates":[[127.107323,37.323133],[127.107333,37.323368],[127.107362,37.323943],[127.107384,37.324564]]}},{"type":"Feature","properties":{"line":"suin-bundang","ref":"수인·분당","name":"수인·분당선: 고색 → 왕십리","color":"#F5A200"},"geometry":{"type":"LineString","coordinates":[[127.107384,37.324564],[127.107425,37.325476],[127.10742,37.32589]]}},{"type":"Feature","properties":{"line":"suin-bundang","ref":"수인·분당","name":"수인·분당선: 고색 → 왕십리","color":"#F5A200"},"geometry":{"type":"LineString","coordinates":[[127.10742,37.32589],[127.107453,37.326591]]}},{"type":"Feature","properties":{"line":"suin-bundang","ref":"수인·분당","name":"수인·분당선: 고색 → 왕십리","color":"#F5A200"},"geometry":{"type":"LineString","coordinates":[[127.107453,37.326591],[127.107466,37.328231]]}},{"type":"Feature","properties":{"line":"suin-bundang","ref":"수인·분당","name":"수인·분당선: 고색 → 왕십리","color":"#F5A200"},"geometry":{"type":"LineString","coordinates":[[127.107466,37.328231],[127.107468,37.328332]]}},{"type":"Feature","properties":{"line":"suin-bundang","ref":"수인·분당","name":"수인·분당선: 고색 → 왕십리","color":"#F5A200"},"geometry":{"type":"LineString","coordinates":[[127.107468,37.328332],[127.107471,37.328882],[127.107474,37.329018],[127.107475,37.329036],[127.107498,37.330029],[127.107524,37.330344]]}},{"type":"Feature","properties":{"line":"suin-bundang","ref":"수인·분당","name":"수인·분당선: 고색 → 왕십리","color":"#F5A200"},"geometry":{"type":"LineString","coordinates":[[127.107524,37.330344],[127.107554,37.330576],[127.107601,37.3308],[127.107718,37.331069],[127.107846,37.331333],[127.108046,37.331731],[127.108362,37.332437],[127.108478,37.332823],[127.108561,37.333166],[127.108632,37.334035],[127.108687,37.33453],[127.1088,37.3354],[127.108874,37.335879],[127.108935,37.336633],[127.108925,37.337242],[127.10893,37.337577],[127.108929,37.337963],[127.108893,37.340639]]}},{"type":"Feature","properties":{"line":"suin-bundang","ref":"수인·분당","name":"수인·분당선: 고색 → 왕십리","color":"#F5A200"},"geometry":{"type":"LineString","coordinates":[[127.108893,37.340639],[127.108907,37.342386],[127.108909,37.342652],[127.108923,37.343755],[127.108994,37.345567],[127.108993,37.348825],[127.10897,37.349998],[127.108953,37.350909],[127.108926,37.35239],[127.108861,37.354412],[127.108834,37.354878],[127.108798,37.355309]]}},{"type":"Feature","properties":{"line":"suin-bundang","ref":"수인·분당","name":"수인·분당선: 고색 → 왕십리","color":"#F5A200"},"geometry":{"type":"LineString","coordinates":[[127.108798,37.355309],[127.108524,37.356636],[127.108269,37.358096],[127.10812,37.359313],[127.108106,37.362484],[127.108101,37.36374],[127.108093,37.365389],[127.108092,37.365617]]}},{"type":"Feature","properties":{"line":"suin-bundang","ref":"수인·분당","name":"수인·분당선: 고색 → 왕십리","color":"#F5A200"},"geometry":{"type":"LineString","coordinates":[[127.108092,37.365617],[127.108093,37.365389],[127.108076,37.368519],[127.108084,37.372145],[127.108032,37.373103],[127.108049,37.37337],[127.108096,37.373587],[127.108159,37.373779],[127.108245,37.373957],[127.108337,37.374107],[127.108454,37.37426],[127.108612,37.374425],[127.108784,37.374572],[127.113598,37.377975],[127.114228,37.37842],[127.114813,37.378839],[127.11495,37.378937],[127.115531,37.379353],[127.116156,37.3798],[127.118502,37.38148],[127.123316,37.384926],[127.126307,37.387028],[127.127216,37.387701],[127.127351,37.387814],[127.127472,37.387923],[127.12759,37.38806],[127.127699,37.38819],[127.127812,37.38837],[127.127901,37.388538],[127.127971,37.388699],[127.128031,37.388836],[127.128088,37.388985],[127.128124,37.389288],[127.128152,37.389606],[127.128188,37.392856],[127.128212,37.395249],[127.128215,37.396453],[127.128258,37.396778],[127.12835,37.397137],[127.128441,37.397474],[127.128513,37.397752],[127.128571,37.398101],[127.128621,37.398438],[127.128622,37.398595],[127.128618,37.398677],[127.128608,37.399427],[127.128539,37.400049],[127.128211,37.402984],[127.128214,37.403331],[127.12828,37.403731],[127.128363,37.404201],[127.128518,37.404955],[127.128632,37.405896],[127.128642,37.407659],[127.128642,37.407913],[127.128643,37.408577],[127.128668,37.409844],[127.12868,37.410689],[127.128688,37.411283],[127.128684,37.411608],[127.12868,37.411966],[127.128678,37.412106]]}},{"type":"Feature","properties":{"line":"suin-bundang","ref":"수인·분당","name":"수인·분당선: 고색 → 왕십리","color":"#F5A200"},"geometry":{"type":"LineString","coordinates":[[127.128678,37.412106],[127.128679,37.412361],[127.128683,37.413776],[127.128698,37.414303],[127.128745,37.416721],[127.128738,37.418766],[127.128807,37.422948],[127.128838,37.424454],[127.128871,37.42505],[127.128958,37.425717],[127.129438,37.428827],[127.129444,37.429048],[127.129388,37.429496],[127.129334,37.430048],[127.129062,37.432177],[127.128856,37.433688],[127.127719,37.439707],[127.126993,37.443874],[127.126731,37.448141],[127.126697,37.448697],[127.12668,37.449249],[127.126563,37.453016],[127.126402,37.455634],[127.126316,37.456094],[127.125981,37.457301],[127.125884,37.457816],[127.125855,37.458479],[127.125812,37.459334],[127.125816,37.460246],[127.126492,37.468766],[127.126595,37.470056],[127.126684,37.471638],[127.126688,37.471712],[127.126679,37.471813],[127.126655,37.47203],[127.126599,37.472273],[127.126507,37.472631],[127.126418,37.47294],[127.126338,37.473333],[127.126288,37.473513],[127.126189,37.473796],[127.126067,37.474185],[127.125856,37.474637],[127.125574,37.475023],[127.125071,37.475519],[127.124364,37.475844],[127.119272,37.476907],[127.11452,37.477669],[127.112998,37.478166],[127.104022,37.485324],[127.103165,37.485999],[127.102276,37.486738]]}},{"type":"Feature","properties":{"line":"suin-bundang","ref":"수인·분당","name":"수인·분당선: 고색 → 왕십리","color":"#F5A200"},"geometry":{"type":"LineString","coordinates":[[127.102276,37.486738],[127.102061,37.486909],[127.102006,37.486953],[127.101851,37.487077],[127.101051,37.487715],[127.100283,37.488327],[127.10014,37.488441],[127.099531,37.488927],[127.098246,37.490226],[127.096939,37.492153],[127.096027,37.49357],[127.095034,37.494383],[127.094337,37.494759],[127.090191,37.496159],[127.089355,37.496278],[127.088866,37.496297],[127.088007,37.496232],[127.087166,37.496086],[127.079622,37.493641],[127.07955,37.493617],[127.073186,37.491559],[127.072765,37.491374],[127.072347,37.491168],[127.071877,37.490862],[127.07114,37.49041],[127.070331,37.489986],[127.069792,37.489791],[127.068893,37.489507],[127.067695,37.489327],[127.066052,37.48908],[127.064056,37.488436],[127.062495,37.487489],[127.061313,37.487054],[127.060735,37.486917],[127.060488,37.486861],[127.060258,37.486833],[127.060005,37.486835],[127.059736,37.486861],[127.059455,37.48691],[127.059143,37.486984],[127.058814,37.487079],[127.05846,37.487183],[127.058064,37.487324],[127.057791,37.48745],[127.057561,37.487581],[127.057257,37.487767],[127.056993,37.487982],[127.0567,37.488262],[127.056431,37.488533],[127.056203,37.488798],[127.055871,37.489469],[127.055444,37.490621],[127.05535,37.490868],[127.052841,37.496274],[127.050846,37.500512],[127.049147,37.504166],[127.048468,37.505624],[127.048407,37.50577],[127.048394,37.505797],[127.048318,37.505939],[127.048306,37.505962],[127.0482,37.506139],[127.047986,37.506386],[127.047685,37.506633],[127.047321,37.506845],[127.045464,37.507909],[127.045046,37.50819],[127.044767,37.508437],[127.044612,37.508616],[127.044499,37.508786],[127.044287,37.509152],[127.044183,37.509396],[127.04415,37.509476],[127.043746,37.510535],[127.043695,37.510668],[127.041414,37.516776],[127.041306,37.517092],[127.041237,37.517264],[127.041206,37.517348],[127.039215,37.522711],[127.039099,37.523037],[127.039085,37.523206],[127.039089,37.523305],[127.040681,37.52782],[127.041094,37.529063]]}},{"type":"Feature","properties":{"line":"suin-bundang","ref":"수인·분당","name":"수인·분당선: 고색 → 왕십리","color":"#F5A200"},"geometry":{"type":"LineString","coordinates":[[127.041094,37.529063],[127.041196,37.529374],[127.041637,37.530717],[127.043502,37.537822],[127.043541,37.537971]]}},{"type":"Feature","properties":{"line":"suin-bundang","ref":"수인·분당","name":"수인·분당선: 고색 → 왕십리","color":"#F5A200"},"geometry":{"type":"LineString","coordinates":[[127.043541,37.537971],[127.043646,37.538371],[127.043712,37.539398],[127.043792,37.540102],[127.043897,37.540662],[127.044246,37.541854],[127.044319,37.542261]]}},{"type":"Feature","properties":{"line":"suin-bundang","ref":"수인·분당","name":"수인·분당선: 고색 → 왕십리","color":"#F5A200"},"geometry":{"type":"LineString","coordinates":[[127.044319,37.542261],[127.044718,37.54362],[127.044803,37.543993],[127.044854,37.544306],[127.04489,37.544807],[127.044828,37.545439],[127.044481,37.548164],[127.044127,37.550208]]}},{"type":"Feature","properties":{"line":"suin-bundang","ref":"수인·분당","name":"수인·분당선: 고색 → 왕십리","color":"#F5A200"},"geometry":{"type":"LineString","coordinates":[[127.044127,37.550208],[127.044113,37.550283],[127.044087,37.550506],[127.044039,37.550908],[127.043968,37.551186],[127.043796,37.551477],[127.043574,37.551702],[127.043324,37.551907],[127.043065,37.552066],[127.041386,37.553004],[127.041073,37.553196],[127.040745,37.553471],[127.040612,37.553612],[127.040415,37.553837],[127.040264,37.554062],[127.040119,37.554335],[127.039996,37.55466],[127.039873,37.555134],[127.039733,37.555828]]}},{"type":"Feature","properties":{"line":"suin-bundang","ref":"수인·분당","name":"수인·분당선: 고색 → 왕십리","color":"#F5A200"},"geometry":{"type":"LineString","coordinates":[[127.039733,37.555828],[127.039637,37.556442],[127.039324,37.55788],[127.039196,37.558511],[127.039082,37.559072],[127.039031,37.559325],[127.039026,37.559348],[127.038983,37.559558],[127.038945,37.559746],[127.038938,37.559779],[127.038899,37.559971],[127.038863,37.560169]]}},{"type":"Feature","properties":{"line":"suin-bundang","ref":"수인·분당","name":"수인·분당선: 고색 → 왕십리","color":"#F5A200"},"geometry":{"type":"LineString","coordinates":[[127.038863,37.560169],[127.038515,37.561963]]}},{"type":"Feature","properties":{"line":"suin-bundang","ref":"수인·분당","name":"수인·분당선: 오이도 → 인천","color":"#F5A200"},"geometry":{"type":"LineString","coordinates":[[126.738644,37.36235],[126.73932,37.363907],[126.739559,37.364487],[126.739738,37.364883],[126.739858,37.36515]]}},{"type":"Feature","properties":{"line":"suin-bundang","ref":"수인·분당","name":"수인·분당선: 오이도 → 인천","color":"#F5A200"},"geometry":{"type":"LineString","coordinates":[[126.739858,37.36515],[126.739958,37.365375],[126.740018,37.365512]]}},{"type":"Feature","properties":{"line":"suin-bundang","ref":"수인·분당","name":"수인·분당선: 오이도 → 인천","color":"#F5A200"},"geometry":{"type":"LineString","coordinates":[[126.740018,37.365512],[126.740282,37.366139],[126.740303,37.366189],[126.740369,37.366343]]}},{"type":"Feature","properties":{"line":"suin-bundang","ref":"수인·분당","name":"수인·분당선: 오이도 → 인천","color":"#F5A200"},"geometry":{"type":"LineString","coordinates":[[126.740369,37.366343],[126.740545,37.366759],[126.74088,37.367556],[126.740972,37.367812],[126.74103,37.368002],[126.741084,37.368205],[126.741181,37.368633],[126.741205,37.368861],[126.741229,37.369138],[126.741237,37.369432],[126.741229,37.369759],[126.741055,37.371743],[126.741012,37.372227],[126.740998,37.37251],[126.741004,37.372779],[126.74102,37.372945],[126.741047,37.373254],[126.741098,37.373525],[126.741141,37.3737],[126.741261,37.374079],[126.74136,37.374299],[126.741462,37.374533],[126.741634,37.374857],[126.741819,37.375183],[126.741886,37.375276],[126.741985,37.375414],[126.743828,37.377941],[126.744026,37.378209],[126.745372,37.380023],[126.745884,37.380713],[126.746357,37.381352],[126.746615,37.381746],[126.746795,37.382042],[126.746931,37.382298],[126.747049,37.382577],[126.747133,37.382814],[126.74721,37.383112],[126.747242,37.383266],[126.747277,37.383521],[126.747285,37.383856],[126.747267,37.384293],[126.747079,37.385188],[126.746813,37.386377],[126.746655,37.386946],[126.746492,37.387372]]}},{"type":"Feature","properties":{"line":"suin-bundang","ref":"수인·분당","name":"수인·분당선: 오이도 → 인천","color":"#F5A200"},"geometry":{"type":"LineString","coordinates":[[126.746492,37.387372],[126.746357,37.387651],[126.746213,37.387882],[126.74604,37.388139],[126.745825,37.388412],[126.745447,37.38883],[126.744369,37.389979],[126.74391,37.390459]]}},{"type":"Feature","properties":{"line":"suin-bundang","ref":"수인·분당","name":"수인·분당선: 오이도 → 인천","color":"#F5A200"},"geometry":{"type":"LineString","coordinates":[[126.74391,37.390459],[126.742316,37.39216],[126.741895,37.392607],[126.740545,37.39401]]}},{"type":"Feature","properties":{"line":"suin-bundang","ref":"수인·분당","name":"수인·분당선: 오이도 → 인천","color":"#F5A200"},"geometry":{"type":"LineString","coordinates":[[126.740545,37.39401],[126.74037,37.394192],[126.74014,37.39443],[126.739084,37.395526],[126.738355,37.396306],[126.737197,37.397542],[126.737034,37.397708],[126.73606,37.398723],[126.73491,37.399889],[126.734619,37.400145],[126.734394,37.400317],[126.734139,37.400503],[126.733911,37.400652],[126.733514,37.400895],[126.733345,37.400976],[126.733021,37.40112],[126.732549,37.401304],[126.731996,37.401474],[126.731691,37.401543],[126.731334,37.401623],[126.73073,37.401721],[126.730127,37.401762],[126.729523,37.401768],[126.729201,37.401758],[126.728678,37.401704],[126.728182,37.401636],[126.72511,37.401106]]}},{"type":"Feature","properties":{"line":"suin-bundang","ref":"수인·분당","name":"수인·분당선: 오이도 → 인천","color":"#F5A200"},"geometry":{"type":"LineString","coordinates":[[126.72511,37.401106],[126.724326,37.40097],[126.721532,37.400483],[126.721364,37.400454],[126.720039,37.400223]]}},{"type":"Feature","properties":{"line":"suin-bundang","ref":"수인·분당","name":"수인·분당선: 오이도 → 인천","color":"#F5A200"},"geometry":{"type":"LineString","coordinates":[[126.720039,37.400223],[126.71636,37.399583],[126.715624,37.399502],[126.714821,37.399483],[126.714178,37.39953],[126.713688,37.399588],[126.712992,37.399734],[126.712385,37.399921],[126.711738,37.400173],[126.707755,37.402097],[126.706207,37.402844],[126.705773,37.403054],[126.704976,37.403418],[126.704153,37.403765],[126.703694,37.403932],[126.703154,37.40412]]}},{"type":"Feature","properties":{"line":"suin-bundang","ref":"수인·분당","name":"수인·분당선: 오이도 → 인천","color":"#F5A200"},"geometry":{"type":"LineString","coordinates":[[126.703154,37.40412],[126.702087,37.404497],[126.70194,37.40455],[126.701686,37.404644],[126.701272,37.404797],[126.700382,37.405163],[126.69914,37.405694]]}},{"type":"Feature","properties":{"line":"suin-bundang","ref":"수인·분당","name":"수인·분당선: 오이도 → 인천","color":"#F5A200"},"geometry":{"type":"LineString","coordinates":[[126.69914,37.405694],[126.698452,37.405989],[126.69826,37.406071]]}},{"type":"Feature","properties":{"line":"suin-bundang","ref":"수인·분당","name":"수인·분당선: 오이도 → 인천","color":"#F5A200"},"geometry":{"type":"LineString","coordinates":[[126.69826,37.406071],[126.698049,37.406175],[126.69748,37.406454],[126.696852,37.40678],[126.695993,37.407274]]}},{"type":"Feature","properties":{"line":"suin-bundang","ref":"수인·분당","name":"수인·분당선: 오이도 → 인천","color":"#F5A200"},"geometry":{"type":"LineString","coordinates":[[126.695993,37.407274],[126.695685,37.407465]]}},{"type":"Feature","properties":{"line":"suin-bundang","ref":"수인·분당","name":"수인·분당선: 오이도 → 인천","color":"#F5A200"},"geometry":{"type":"LineString","coordinates":[[126.695685,37.407465],[126.694399,37.408248],[126.694279,37.408322],[126.694159,37.408395],[126.693255,37.408958]]}},{"type":"Feature","properties":{"line":"suin-bundang","ref":"수인·분당","name":"수인·분당선: 오이도 → 인천","color":"#F5A200"},"geometry":{"type":"LineString","coordinates":[[126.693255,37.408958],[126.693143,37.40903],[126.692845,37.40922]]}},{"type":"Feature","properties":{"line":"suin-bundang","ref":"수인·분당","name":"수인·분당선: 오이도 → 인천","color":"#F5A200"},"geometry":{"type":"LineString","coordinates":[[126.692845,37.40922],[126.692166,37.409648],[126.691876,37.409823]]}},{"type":"Feature","properties":{"line":"suin-bundang","ref":"수인·분당","name":"수인·분당선: 오이도 → 인천","color":"#F5A200"},"geometry":{"type":"LineString","coordinates":[[126.691876,37.409823],[126.691436,37.410095],[126.689736,37.411146]]}},{"type":"Feature","properties":{"line":"suin-bundang","ref":"수인·분당","name":"수인·분당선: 오이도 → 인천","color":"#F5A200"},"geometry":{"type":"LineString","coordinates":[[126.689736,37.411146],[126.68737,37.412619]]}},{"type":"Feature","properties":{"line":"suin-bundang","ref":"수인·분당","name":"수인·분당선: 오이도 → 인천","color":"#F5A200"},"geometry":{"type":"LineString","coordinates":[[126.68737,37.412619],[126.687258,37.412689],[126.685669,37.413681],[126.685174,37.41399]]}},{"type":"Feature","properties":{"line":"suin-bundang","ref":"수인·분당","name":"수인·분당선: 오이도 → 인천","color":"#F5A200"},"geometry":{"type":"LineString","coordinates":[[126.685174,37.41399],[126.684825,37.414215]]}},{"type":"Feature","properties":{"line":"suin-bundang","ref":"수인·분당","name":"수인·분당선: 오이도 → 인천","color":"#F5A200"},"geometry":{"type":"LineString","coordinates":[[126.684825,37.414215],[126.682612,37.41556],[126.68162,37.416182],[126.680614,37.416806],[126.679778,37.41729],[126.677947,37.41837],[126.677689,37.418522],[126.676723,37.419103],[126.675609,37.419757],[126.674203,37.420607],[126.673564,37.421077],[126.673122,37.421447],[126.672483,37.422018],[126.671635,37.422848],[126.670845,37.423536]]}},{"type":"Feature","properties":{"line":"suin-bundang","ref":"수인·분당","name":"수인·분당선: 오이도 → 인천","color":"#F5A200"},"geometry":{"type":"LineString","coordinates":[[126.670845,37.423536],[126.670322,37.42406],[126.66966,37.424658],[126.667326,37.425943],[126.666586,37.426345],[126.66584,37.426712],[126.665143,37.42695],[126.664341,37.427133],[126.663477,37.427242],[126.662187,37.427321],[126.660859,37.427427],[126.660194,37.427512],[126.659802,37.427636]]}},{"type":"Feature","properties":{"line":"suin-bundang","ref":"수인·분당","name":"수인·분당선: 오이도 → 인천","color":"#F5A200"},"geometry":{"type":"LineString","coordinates":[[126.659802,37.427636],[126.658225,37.42832],[126.657845,37.428491],[126.656784,37.42897]]}},{"type":"Feature","properties":{"line":"suin-bundang","ref":"수인·분당","name":"수인·분당선: 오이도 → 인천","color":"#F5A200"},"geometry":{"type":"LineString","coordinates":[[126.656784,37.42897],[126.656087,37.42929],[126.655885,37.429383],[126.653872,37.430304],[126.653373,37.430533],[126.652693,37.430845],[126.652628,37.430876]]}},{"type":"Feature","properties":{"line":"suin-bundang","ref":"수인·분당","name":"수인·분당선: 오이도 → 인천","color":"#F5A200"},"geometry":{"type":"LineString","coordinates":[[126.652628,37.430876],[126.652373,37.430999],[126.652255,37.431057],[126.651472,37.431419],[126.65056,37.431834]]}},{"type":"Feature","properties":{"line":"suin-bundang","ref":"수인·분당","name":"수인·분당선: 오이도 → 인천","color":"#F5A200"},"geometry":{"type":"LineString","coordinates":[[126.65056,37.431834],[126.649975,37.432107],[126.649401,37.432431],[126.649203,37.432566],[126.649001,37.432703]]}},{"type":"Feature","properties":{"line":"suin-bundang","ref":"수인·분당","name":"수인·분당선: 오이도 → 인천","color":"#F5A200"},"geometry":{"type":"LineString","coordinates":[[126.649001,37.432703],[126.648628,37.433031],[126.648382,37.433295],[126.648221,37.433519]]}},{"type":"Feature","properties":{"line":"suin-bundang","ref":"수인·분당","name":"수인·분당선: 오이도 → 인천","color":"#F5A200"},"geometry":{"type":"LineString","coordinates":[[126.648221,37.433519],[126.64784,37.434168],[126.647598,37.434867],[126.647553,37.435157],[126.647572,37.435397],[126.647628,37.43577],[126.647781,37.436347],[126.648336,37.438002],[126.648638,37.438963],[126.648744,37.439301],[126.648887,37.439755],[126.649479,37.441633],[126.650026,37.443371],[126.650399,37.444472],[126.650519,37.444979],[126.650543,37.445372],[126.650485,37.445666],[126.650374,37.446299],[126.650122,37.447389],[126.649862,37.448043],[126.649377,37.44899],[126.649192,37.449299],[126.648974,37.449574],[126.648559,37.450068],[126.648156,37.450428],[126.647116,37.451218],[126.646306,37.452082],[126.64618,37.452214],[126.646094,37.452319],[126.646032,37.452427],[126.645952,37.452587],[126.645192,37.454248],[126.644919,37.454706],[126.644769,37.454908],[126.644522,37.455187],[126.643044,37.457016],[126.64173,37.458529],[126.641166,37.459153],[126.640845,37.459434],[126.640772,37.459498],[126.640477,37.459683],[126.64008,37.459905],[126.639383,37.460256],[126.638962,37.460466],[126.637085,37.461239],[126.63698,37.461282],[126.632305,37.463269],[126.629987,37.464154],[126.629544,37.464365],[126.629158,37.464616],[126.627951,37.465596],[126.62749,37.466028],[126.626548,37.466918],[126.626235,37.467218],[126.62583,37.467525],[126.625463,37.467827],[126.624405,37.468491],[126.623681,37.46893],[126.621507,37.470248],[126.619505,37.471465],[126.619087,37.471757],[126.618832,37.472001],[126.618572,37.47238],[126.618373,37.47284],[126.617823,37.474398],[126.617377,37.47546],[126.61735,37.475561],[126.617336,37.475667],[126.617332,37.476659],[126.617327,37.476972]]}},{"type":"Feature","properties":{"line":"suin-bundang","ref":"수인·분당","name":"수인·분당선: 왕십리 → 고색","color":"#F5A200"},"geometry":{"type":"LineString","coordinates":[[127.038907,37.560753],[127.038939,37.560523],[127.03897,37.560196]]}},{"type":"Feature","properties":{"line":"suin-bundang","ref":"수인·분당","name":"수인·분당선: 왕십리 → 고색","color":"#F5A200"},"geometry":{"type":"LineString","coordinates":[[127.03897,37.560196],[127.038985,37.559974],[127.038986,37.559951],[127.038992,37.559813],[127.038996,37.559778],[127.039,37.559743],[127.039006,37.5597],[127.039032,37.559565],[127.039072,37.559354],[127.039076,37.559332],[127.039185,37.558766],[127.03936,37.557878],[127.039665,37.556436],[127.039779,37.55584]]}},{"type":"Feature","properties":{"line":"suin-bundang","ref":"수인·분당","name":"수인·분당선: 왕십리 → 고색","color":"#F5A200"},"geometry":{"type":"LineString","coordinates":[[127.039779,37.55584],[127.039889,37.55531],[127.040046,37.554709],[127.04017,37.554384],[127.040371,37.55401],[127.04059,37.553725],[127.040783,37.553511],[127.041077,37.553274],[127.041446,37.553024],[127.041641,37.552918],[127.0431,37.552123],[127.043395,37.55193],[127.043673,37.551688],[127.04389,37.551436],[127.04402,37.551206],[127.044107,37.550927],[127.044171,37.550295],[127.044184,37.550215]]}},{"type":"Feature","properties":{"line":"suin-bundang","ref":"수인·분당","name":"수인·분당선: 왕십리 → 고색","color":"#F5A200"},"geometry":{"type":"LineString","coordinates":[[127.044363,37.542227],[127.044564,37.542914],[127.044768,37.543612],[127.044853,37.543987],[127.044905,37.544302],[127.044941,37.544808],[127.044879,37.545442],[127.044855,37.545622],[127.044533,37.548049],[127.044485,37.548431],[127.044532,37.548169],[127.044184,37.550215]]}},{"type":"Feature","properties":{"line":"suin-bundang","ref":"수인·분당","name":"수인·분당선: 왕십리 → 고색","color":"#F5A200"},"geometry":{"type":"LineString","coordinates":[[127.043591,37.537964],[127.043667,37.538256],[127.043696,37.538366],[127.043762,37.539396],[127.043843,37.540098],[127.043948,37.540655],[127.044363,37.542227]]}},{"type":"Feature","properties":{"line":"suin-bundang","ref":"수인·분당","name":"수인·분당선: 왕십리 → 고색","color":"#F5A200"},"geometry":{"type":"LineString","coordinates":[[127.041164,37.529015],[127.041749,37.530752],[127.042601,37.534086],[127.043166,37.536298],[127.043204,37.536448],[127.04325,37.536628],[127.043287,37.536771],[127.043591,37.537964]]}},{"type":"Feature","properties":{"line":"suin-bundang","ref":"수인·분당","name":"수인·분당선: 왕십리 → 고색","color":"#F5A200"},"geometry":{"type":"LineString","coordinates":[[127.10234,37.486798],[127.102095,37.486967],[127.1019,37.487103],[127.101756,37.487211],[127.100322,37.488352],[127.100185,37.488463],[127.099568,37.488955],[127.098367,37.490256],[127.096985,37.49217],[127.096069,37.493594],[127.095067,37.494414],[127.094362,37.494794],[127.090205,37.496198],[127.08936,37.496319],[127.088865,37.496337],[127.087998,37.496272],[127.08715,37.496125],[127.07962,37.493684],[127.079533,37.493655],[127.07317,37.491597],[127.07274,37.49141],[127.07232,37.491201],[127.071847,37.490895],[127.071109,37.490442],[127.070303,37.49002],[127.06977,37.489827],[127.068879,37.489545],[127.066037,37.489118],[127.064031,37.488472],[127.062469,37.487524],[127.061295,37.487092],[127.060721,37.486956],[127.060477,37.4869],[127.060254,37.486873],[127.060009,37.486876],[127.059745,37.486901],[127.059468,37.486949],[127.059159,37.487022],[127.058831,37.487117],[127.05848,37.48722],[127.058087,37.48736],[127.057819,37.487484],[127.057591,37.487613],[127.057291,37.487798],[127.057031,37.488009],[127.05674,37.488288],[127.056472,37.488557],[127.056249,37.488817],[127.055919,37.489483],[127.055501,37.490619],[127.055402,37.490867],[127.052889,37.496288],[127.050894,37.500526],[127.049105,37.50439],[127.049013,37.504587],[127.048617,37.505458],[127.048535,37.505643],[127.048459,37.505776],[127.048385,37.50594],[127.048365,37.505985],[127.048244,37.50616],[127.048025,37.506411],[127.047719,37.506663],[127.047351,37.506878],[127.045496,37.507941],[127.045082,37.508219],[127.044807,37.508462],[127.044655,37.508637],[127.044545,37.508804],[127.044334,37.509167],[127.044199,37.509489],[127.044151,37.509598],[127.043742,37.510684],[127.041462,37.516787],[127.041355,37.517104],[127.041286,37.517276],[127.039264,37.522722],[127.039149,37.523044],[127.039136,37.523207],[127.03914,37.523299],[127.04073,37.527809],[127.041117,37.528884],[127.041164,37.529015]]}},{"type":"Feature","properties":{"line":"suin-bundang","ref":"수인·분당","name":"수인·분당선: 왕십리 → 고색","color":"#F5A200"},"geometry":{"type":"LineString","coordinates":[[127.128729,37.412105],[127.12873,37.412361],[127.128734,37.413776],[127.128749,37.414302],[127.128796,37.416721],[127.128789,37.418766],[127.128858,37.422947],[127.128888,37.424453],[127.128922,37.425047],[127.129009,37.425712],[127.129489,37.428824],[127.129495,37.429049],[127.129438,37.429501],[127.129384,37.430053],[127.129112,37.432182],[127.128906,37.433694],[127.12777,37.439713],[127.127043,37.443878],[127.126771,37.44832],[127.126748,37.448698],[127.126738,37.449027],[127.12672,37.450505],[127.126614,37.45302],[127.126453,37.455638],[127.126366,37.456101],[127.126031,37.457308],[127.125935,37.457821],[127.125906,37.45848],[127.125863,37.459334],[127.125867,37.460244],[127.126631,37.468753],[127.126735,37.469999],[127.126745,37.470149],[127.126832,37.471486],[127.126837,37.471704],[127.126824,37.471836],[127.126808,37.471933],[127.126756,37.472121],[127.126592,37.472658],[127.126428,37.473343],[127.126368,37.473591],[127.126249,37.473886],[127.126115,37.474198],[127.125902,37.474654],[127.125616,37.475046],[127.125105,37.47555],[127.124384,37.475882],[127.119284,37.476947],[127.114535,37.477707],[127.113027,37.4782],[127.10234,37.486798]]}},{"type":"Feature","properties":{"line":"suin-bundang","ref":"수인·분당","name":"수인·분당선: 왕십리 → 고색","color":"#F5A200"},"geometry":{"type":"LineString","coordinates":[[127.108143,37.365617],[127.108143,37.365918],[127.108142,37.36618],[127.108127,37.368519],[127.108135,37.372146],[127.108082,37.373103],[127.1081,37.373366],[127.108145,37.373578],[127.108208,37.373767],[127.108292,37.373941],[127.108381,37.374088],[127.108497,37.374237],[127.108651,37.374399],[127.108819,37.374543],[127.113395,37.377777],[127.114262,37.37839],[127.114822,37.378791],[127.11509,37.378982],[127.115322,37.379149],[127.12335,37.384896],[127.126342,37.386998],[127.127252,37.387672],[127.127388,37.387787],[127.127512,37.387898],[127.127632,37.388037],[127.127743,37.38817],[127.127858,37.388353],[127.127949,37.388524],[127.128019,37.388686],[127.128079,37.388824],[127.128138,37.388977],[127.128174,37.389285],[127.128203,37.389604],[127.128215,37.390575],[127.128272,37.395255],[127.128266,37.396451],[127.128309,37.396772],[127.128399,37.397129],[127.128491,37.397466],[127.128563,37.397745],[127.128621,37.398096],[127.128653,37.398331],[127.128659,37.398425],[127.128669,37.398607],[127.128659,37.399182],[127.128646,37.399438],[127.128612,37.399776],[127.128541,37.40049],[127.128261,37.402986],[127.128265,37.403328],[127.128331,37.403726],[127.128413,37.404195],[127.128568,37.404949],[127.128683,37.405894],[127.128693,37.407659],[127.128693,37.407913],[127.128694,37.408577],[127.128719,37.409844],[127.128728,37.410507],[127.128737,37.411175],[127.128739,37.411282],[127.128736,37.411538],[127.128732,37.411864],[127.128729,37.412105]]}},{"type":"Feature","properties":{"line":"suin-bundang","ref":"수인·분당","name":"수인·분당선: 왕십리 → 고색","color":"#F5A200"},"geometry":{"type":"LineString","coordinates":[[127.108844,37.355312],[127.108575,37.356642],[127.108319,37.358101],[127.108171,37.359315],[127.108146,37.365097],[127.108143,37.365617]]}},{"type":"Feature","properties":{"line":"suin-bundang","ref":"수인·분당","name":"수인·분당선: 왕십리 → 고색","color":"#F5A200"},"geometry":{"type":"LineString","coordinates":[[127.108971,37.339523],[127.108975,37.342372],[127.108964,37.342959],[127.108973,37.343754],[127.109044,37.345566],[127.109043,37.348825],[127.109021,37.349999],[127.108993,37.351514],[127.108977,37.352391],[127.108911,37.354413],[127.108885,37.35488],[127.108844,37.355312]]}},{"type":"Feature","properties":{"line":"suin-bundang","ref":"수인·분당","name":"수인·분당선: 왕십리 → 고색","color":"#F5A200"},"geometry":{"type":"LineString","coordinates":[[127.107575,37.330341],[127.107618,37.330573],[127.107656,37.330779],[127.107708,37.330915],[127.107936,37.331332],[127.108153,37.331766],[127.108447,37.332323],[127.108605,37.332731],[127.10875,37.33314],[127.108984,37.333761],[127.109069,37.334103],[127.109138,37.334414],[127.109186,37.334938],[127.109188,37.335361],[127.109116,37.335845],[127.109018,37.336617],[127.109014,37.337259],[127.109005,37.337571],[127.108995,37.337974],[127.10898,37.338642],[127.108971,37.339523]]}},{"type":"Feature","properties":{"line":"suin-bundang","ref":"수인·분당","name":"수인·분당선: 왕십리 → 고색","color":"#F5A200"},"geometry":{"type":"LineString","coordinates":[[127.107517,37.32833],[127.107518,37.328495],[127.107522,37.328881],[127.107537,37.329533],[127.107549,37.330027],[127.107575,37.330341]]}},{"type":"Feature","properties":{"line":"suin-bundang","ref":"수인·분당","name":"수인·분당선: 왕십리 → 고색","color":"#F5A200"},"geometry":{"type":"LineString","coordinates":[[127.107516,37.328231],[127.107516,37.328276],[127.107517,37.32833]]}},{"type":"Feature","properties":{"line":"suin-bundang","ref":"수인·분당","name":"수인·분당선: 왕십리 → 고색","color":"#F5A200"},"geometry":{"type":"LineString","coordinates":[[127.1075,37.32659],[127.107514,37.328068],[127.107516,37.328231]]}},{"type":"Feature","properties":{"line":"suin-bundang","ref":"수인·분당","name":"수인·분당선: 왕십리 → 고색","color":"#F5A200"},"geometry":{"type":"LineString","coordinates":[[127.107481,37.325884],[127.107473,37.326059],[127.1075,37.32659]]}},{"type":"Feature","properties":{"line":"suin-bundang","ref":"수인·분당","name":"수인·분당선: 왕십리 → 고색","color":"#F5A200"},"geometry":{"type":"LineString","coordinates":[[127.107481,37.325884],[127.107465,37.32545],[127.107438,37.324562]]}},{"type":"Feature","properties":{"line":"suin-bundang","ref":"수인·분당","name":"수인·분당선: 왕십리 → 고색","color":"#F5A200"},"geometry":{"type":"LineString","coordinates":[[127.107438,37.324562],[127.107407,37.323942],[127.107386,37.323361],[127.107376,37.323133]]}},{"type":"Feature","properties":{"line":"suin-bundang","ref":"수인·분당","name":"수인·분당선: 왕십리 → 고색","color":"#F5A200"},"geometry":{"type":"LineString","coordinates":[[127.107376,37.323133],[127.107362,37.322761],[127.107369,37.322412],[127.107366,37.322311]]}},{"type":"Feature","properties":{"line":"suin-bundang","ref":"수인·분당","name":"수인·분당선: 왕십리 → 고색","color":"#F5A200"},"geometry":{"type":"LineString","coordinates":[[127.107366,37.322311],[127.107364,37.32224],[127.107355,37.321949],[127.107348,37.321675]]}},{"type":"Feature","properties":{"line":"suin-bundang","ref":"수인·분당","name":"수인·분당선: 왕십리 → 고색","color":"#F5A200"},"geometry":{"type":"LineString","coordinates":[[127.107348,37.321675],[127.107335,37.321197],[127.10731,37.320658]]}},{"type":"Feature","properties":{"line":"suin-bundang","ref":"수인·분당","name":"수인·분당선: 왕십리 → 고색","color":"#F5A200"},"geometry":{"type":"LineString","coordinates":[[127.10731,37.320658],[127.107284,37.320079],[127.107271,37.31832]]}},{"type":"Feature","properties":{"line":"suin-bundang","ref":"수인·분당","name":"수인·분당선: 왕십리 → 고색","color":"#F5A200"},"geometry":{"type":"LineString","coordinates":[[127.107271,37.31832],[127.107257,37.317739],[127.107281,37.317449],[127.107434,37.316675],[127.10759,37.315926],[127.10775,37.315139],[127.107943,37.314275],[127.108275,37.312745],[127.10835,37.312354],[127.108491,37.311522],[127.108514,37.310582],[127.108521,37.310313],[127.108523,37.310205],[127.108517,37.31009],[127.108482,37.309924],[127.108453,37.309753],[127.108405,37.309613],[127.108362,37.309442],[127.108263,37.30924],[127.108142,37.309063],[127.108019,37.308888],[127.107847,37.308677],[127.107692,37.308515],[127.107531,37.308344],[127.106668,37.307609],[127.106523,37.307464],[127.106416,37.307312],[127.106335,37.307197],[127.10625,37.307031],[127.106161,37.30686],[127.106083,37.306709],[127.106011,37.306513],[127.105968,37.306235],[127.105903,37.304586],[127.105881,37.303863],[127.105865,37.303346],[127.105783,37.299023],[127.105761,37.297621],[127.10579,37.29531],[127.105993,37.293041],[127.106213,37.291984],[127.106444,37.291284],[127.106728,37.290666],[127.107232,37.289949],[127.108342,37.288772],[127.109644,37.287663],[127.111408,37.286183],[127.112088,37.28558],[127.112391,37.285342],[127.115,37.283089],[127.115288,37.282827],[127.115477,37.282601],[127.115608,37.282422],[127.115757,37.282196],[127.115847,37.281981],[127.115901,37.281798],[127.115946,37.281608],[127.115955,37.281432],[127.115982,37.280715],[127.115982,37.279614],[127.116001,37.278742],[127.116006,37.277686],[127.116011,37.276736],[127.11604,37.275511],[127.116051,37.274979],[127.116087,37.273846],[127.116078,37.273351],[127.116079,37.271907],[127.116138,37.267677],[127.1161,37.26517],[127.115998,37.264572],[127.115723,37.263907],[127.11522,37.263237],[127.114595,37.262674],[127.114193,37.2624],[127.113294,37.262014],[127.112217,37.261811],[127.109801,37.261674],[127.108913,37.261648],[127.108699,37.261635],[127.10758,37.261567]]}},{"type":"Feature","properties":{"line":"suin-bundang","ref":"수인·분당","name":"수인·분당선: 왕십리 → 고색","color":"#F5A200"},"geometry":{"type":"LineString","coordinates":[[127.10758,37.261567],[127.104089,37.261355],[127.102339,37.261247],[127.100993,37.261144],[127.09926,37.261029],[127.098453,37.260981],[127.09541,37.260776],[127.095132,37.260758],[127.093572,37.260693],[127.092513,37.260701],[127.091553,37.26077],[127.090486,37.260902],[127.085844,37.261838],[127.085202,37.26192]]}},{"type":"Feature","properties":{"line":"suin-bundang","ref":"수인·분당","name":"수인·분당선: 왕십리 → 고색","color":"#F5A200"},"geometry":{"type":"LineString","coordinates":[[127.085202,37.26192],[127.084463,37.261983],[127.083617,37.261987],[127.082844,37.261922],[127.082076,37.261775],[127.081395,37.261537],[127.080825,37.261217],[127.080037,37.260476],[127.079566,37.259967],[127.078832,37.259219],[127.077245,37.25759],[127.07573,37.255946],[127.072334,37.252368],[127.071943,37.251969],[127.071323,37.251338],[127.067468,37.247236],[127.067182,37.246948],[127.066854,37.246659],[127.06654,37.246417],[127.066223,37.246227],[127.065841,37.246038],[127.065464,37.245919],[127.064982,37.24584],[127.064459,37.245794],[127.059914,37.24566],[127.059372,37.245641],[127.057003,37.245583],[127.055628,37.245545]]}},{"type":"Feature","properties":{"line":"suin-bundang","ref":"수인·분당","name":"수인·분당선: 왕십리 → 고색","color":"#F5A200"},"geometry":{"type":"LineString","coordinates":[[127.055628,37.245545],[127.055086,37.245527],[127.052178,37.24545],[127.051597,37.245466],[127.051029,37.245549],[127.050669,37.245645],[127.050365,37.245772],[127.050139,37.245882],[127.042016,37.251181],[127.041725,37.251409]]}},{"type":"Feature","properties":{"line":"suin-bundang","ref":"수인·분당","name":"수인·분당선: 왕십리 → 고색","color":"#F5A200"},"geometry":{"type":"LineString","coordinates":[[127.041725,37.251409],[127.041496,37.251636],[127.041173,37.25201],[127.040892,37.252344],[127.040419,37.253013],[127.039689,37.254261],[127.03939,37.254628],[127.039128,37.254897],[127.038805,37.255134],[127.038151,37.25552],[127.037601,37.255906],[127.037137,37.256264],[127.037005,37.256363],[127.036806,37.256549],[127.036643,37.25675],[127.036506,37.256964],[127.036379,37.257269],[127.036268,37.2577],[127.03602,37.258906],[127.035928,37.259322],[127.035815,37.259629],[127.035729,37.259832],[127.035602,37.260037],[127.03548,37.260189],[127.035275,37.260416],[127.034971,37.260685],[127.034636,37.26091],[127.034302,37.261078],[127.03189,37.26172],[127.024837,37.26338],[127.023479,37.263753],[127.020723,37.264481],[127.019735,37.264645],[127.018031,37.264961],[127.015718,37.265453],[127.013316,37.265928],[127.01303,37.266007],[127.01223,37.266248]]}},{"type":"Feature","properties":{"line":"suin-bundang","ref":"수인·분당","name":"수인·분당선: 왕십리 → 고색","color":"#F5A200"},"geometry":{"type":"LineString","coordinates":[[127.01223,37.266248],[127.011364,37.266652],[127.010882,37.26694],[127.009956,37.26745],[127.008864,37.267852],[127.008162,37.26799],[127.007625,37.268071],[127.006864,37.268146],[127.006159,37.268179],[127.005347,37.268089],[127.001725,37.266786],[127.0016,37.266737],[127.00089,37.266457],[127.0006,37.266343],[126.999305,37.265812],[126.999216,37.265777]]}},{"type":"Feature","properties":{"line":"suin-bundang","ref":"수인·분당","name":"수인·분당선: 왕십리 → 고색","color":"#F5A200"},"geometry":{"type":"LineString","coordinates":[[126.999216,37.265777],[126.999059,37.26571],[126.998891,37.265639],[126.998839,37.265622],[126.998663,37.26555],[126.996713,37.264749],[126.996192,37.264436],[126.995843,37.264073],[126.99545,37.263511],[126.994879,37.262082],[126.994187,37.26035],[126.993021,37.256599],[126.992623,37.255584],[126.991929,37.254177],[126.991639,37.253844],[126.991423,37.253678],[126.990899,37.253342],[126.990622,37.253235]]}},{"type":"Feature","properties":{"line":"suin-bundang","ref":"수인·분당","name":"수인·분당선: 왕십리 → 고색","color":"#F5A200"},"geometry":{"type":"LineString","coordinates":[[126.990622,37.253235],[126.990201,37.253073],[126.988554,37.252437],[126.985335,37.251306],[126.984335,37.250993],[126.984082,37.25091],[126.98333,37.250663],[126.983167,37.250609]]}},{"type":"Feature","properties":{"line":"suin-bundang","ref":"수인·분당","name":"수인·분당선: 왕십리 → 고색","color":"#F5A200"},"geometry":{"type":"LineString","coordinates":[[126.980488,37.249566],[126.981374,37.249864],[126.981423,37.24988],[126.983167,37.250609]]}},{"type":"Feature","properties":{"line":"suin-bundang","ref":"수인·분당","name":"수인·분당선: 인천 → 오이도","color":"#F5A200"},"geometry":{"type":"LineString","coordinates":[[126.617398,37.475875],[126.6174,37.475659],[126.617407,37.4756],[126.617411,37.47557],[126.617437,37.475476],[126.617884,37.474416],[126.618429,37.472856],[126.618635,37.472398],[126.61889,37.47203],[126.619129,37.471798],[126.619542,37.471504],[126.621555,37.470296],[126.624455,37.468529],[126.624888,37.468252],[126.625314,37.467987],[126.625505,37.467869],[126.625873,37.46756],[126.626279,37.46725],[126.626593,37.466948],[126.627534,37.466066],[126.628001,37.465639],[126.629205,37.464656],[126.62958,37.464409],[126.630012,37.464201],[126.632333,37.463313],[126.636992,37.461323],[126.638798,37.460582],[126.638973,37.46051],[126.639398,37.460301],[126.640084,37.459961],[126.640134,37.459936],[126.640517,37.459723],[126.640805,37.459535],[126.640877,37.459475],[126.641212,37.459183],[126.641232,37.459161],[126.641769,37.458562],[126.643088,37.45705],[126.644564,37.455217],[126.644804,37.45494],[126.644969,37.45472],[126.645248,37.454259],[126.646012,37.452594],[126.646086,37.452433],[126.646141,37.452334],[126.646225,37.452232],[126.64634,37.452113],[126.647147,37.451251],[126.648188,37.450463],[126.648601,37.450096],[126.649025,37.449598],[126.649241,37.449319],[126.649425,37.44901],[126.649908,37.448065],[126.650077,37.447643],[126.650171,37.4474],[126.650425,37.446309],[126.650542,37.445675],[126.650602,37.445381],[126.650576,37.444974],[126.65046,37.444459],[126.650084,37.443361],[126.649545,37.441625],[126.648799,37.439291],[126.64839,37.437991],[126.64836,37.4379],[126.647834,37.436327],[126.647695,37.43578],[126.647625,37.435385],[126.647614,37.435164],[126.647648,37.434882],[126.647887,37.434182],[126.648263,37.433539]]}},{"type":"Feature","properties":{"line":"suin-bundang","ref":"수인·분당","name":"수인·분당선: 인천 → 오이도","color":"#F5A200"},"geometry":{"type":"LineString","coordinates":[[126.648263,37.433539],[126.648438,37.433319],[126.648697,37.433043],[126.64904,37.432732]]}},{"type":"Feature","properties":{"line":"suin-bundang","ref":"수인·분당","name":"수인·분당선: 인천 → 오이도","color":"#F5A200"},"geometry":{"type":"LineString","coordinates":[[126.64904,37.432732],[126.649422,37.432468],[126.65,37.432146],[126.650593,37.431865]]}},{"type":"Feature","properties":{"line":"suin-bundang","ref":"수인·분당","name":"수인·분당선: 인천 → 오이도","color":"#F5A200"},"geometry":{"type":"LineString","coordinates":[[126.650593,37.431865],[126.651472,37.431468],[126.651499,37.431456],[126.651976,37.431233],[126.652657,37.430916]]}},{"type":"Feature","properties":{"line":"suin-bundang","ref":"수인·분당","name":"수인·분당선: 인천 → 오이도","color":"#F5A200"},"geometry":{"type":"LineString","coordinates":[[126.652657,37.430916],[126.653398,37.430563],[126.653579,37.430481],[126.654478,37.43007],[126.655506,37.429606],[126.655916,37.429421],[126.656808,37.429002]]}},{"type":"Feature","properties":{"line":"suin-bundang","ref":"수인·분당","name":"수인·분당선: 인천 → 오이도","color":"#F5A200"},"geometry":{"type":"LineString","coordinates":[[126.656808,37.429002],[126.656953,37.428936],[126.657306,37.428776],[126.658241,37.428349],[126.659811,37.427672]]}},{"type":"Feature","properties":{"line":"suin-bundang","ref":"수인·분당","name":"수인·분당선: 인천 → 오이도","color":"#F5A200"},"geometry":{"type":"LineString","coordinates":[[126.659811,37.427672],[126.660197,37.42754],[126.660862,37.427453],[126.662189,37.427354],[126.663482,37.427275],[126.664348,37.427161],[126.665152,37.426981],[126.665854,37.42674],[126.666617,37.426375],[126.66735,37.425981],[126.669681,37.424682],[126.670352,37.424081],[126.670848,37.42359],[126.670876,37.423561]]}},{"type":"Feature","properties":{"line":"suin-bundang","ref":"수인·분당","name":"수인·분당선: 인천 → 오이도","color":"#F5A200"},"geometry":{"type":"LineString","coordinates":[[126.670876,37.423561],[126.671014,37.423441],[126.671079,37.423384],[126.671173,37.423302],[126.671668,37.422867],[126.672512,37.422042],[126.673155,37.421468],[126.673593,37.421103],[126.674241,37.420648],[126.675639,37.419782],[126.676751,37.419134],[126.677713,37.418548],[126.679627,37.41742],[126.679802,37.417318],[126.68064,37.416837],[126.681642,37.416217],[126.682647,37.415602],[126.684853,37.414245]]}},{"type":"Feature","properties":{"line":"suin-bundang","ref":"수인·분당","name":"수인·분당선: 인천 → 오이도","color":"#F5A200"},"geometry":{"type":"LineString","coordinates":[[126.684853,37.414245],[126.68499,37.414156],[126.685039,37.414124],[126.685198,37.414021]]}},{"type":"Feature","properties":{"line":"suin-bundang","ref":"수인·분당","name":"수인·분당선: 인천 → 오이도","color":"#F5A200"},"geometry":{"type":"LineString","coordinates":[[126.685198,37.414021],[126.685309,37.413952],[126.687197,37.412779],[126.687398,37.412651]]}},{"type":"Feature","properties":{"line":"suin-bundang","ref":"수인·분당","name":"수인·분당선: 인천 → 오이도","color":"#F5A200"},"geometry":{"type":"LineString","coordinates":[[126.687398,37.412651],[126.687499,37.412588],[126.689771,37.411172]]}},{"type":"Feature","properties":{"line":"suin-bundang","ref":"수인·분당","name":"수인·분당선: 인천 → 오이도","color":"#F5A200"},"geometry":{"type":"LineString","coordinates":[[126.689771,37.411172],[126.692062,37.409763],[126.692206,37.409675]]}},{"type":"Feature","properties":{"line":"suin-bundang","ref":"수인·분당","name":"수인·분당선: 인천 → 오이도","color":"#F5A200"},"geometry":{"type":"LineString","coordinates":[[126.692206,37.409675],[126.692878,37.409258]]}},{"type":"Feature","properties":{"line":"suin-bundang","ref":"수인·분당","name":"수인·분당선: 인천 → 오이도","color":"#F5A200"},"geometry":{"type":"LineString","coordinates":[[126.692878,37.409258],[126.693119,37.409101],[126.693286,37.408992]]}},{"type":"Feature","properties":{"line":"suin-bundang","ref":"수인·분당","name":"수인·분당선: 인천 → 오이도","color":"#F5A200"},"geometry":{"type":"LineString","coordinates":[[126.693286,37.408992],[126.694186,37.408425],[126.695166,37.407809],[126.695697,37.407482]]}},{"type":"Feature","properties":{"line":"suin-bundang","ref":"수인·분당","name":"수인·분당선: 인천 → 오이도","color":"#F5A200"},"geometry":{"type":"LineString","coordinates":[[126.695697,37.407482],[126.696011,37.407306]]}},{"type":"Feature","properties":{"line":"suin-bundang","ref":"수인·분당","name":"수인·분당선: 인천 → 오이도","color":"#F5A200"},"geometry":{"type":"LineString","coordinates":[[126.696011,37.407306],[126.696146,37.40723],[126.696873,37.406812],[126.697505,37.406485],[126.698289,37.406101]]}},{"type":"Feature","properties":{"line":"suin-bundang","ref":"수인·분당","name":"수인·분당선: 인천 → 오이도","color":"#F5A200"},"geometry":{"type":"LineString","coordinates":[[126.698289,37.406101],[126.699163,37.405733]]}},{"type":"Feature","properties":{"line":"suin-bundang","ref":"수인·분당","name":"수인·분당선: 인천 → 오이도","color":"#F5A200"},"geometry":{"type":"LineString","coordinates":[[126.699163,37.405733],[126.700399,37.405205],[126.701292,37.404828],[126.701962,37.404583],[126.703173,37.40415]]}},{"type":"Feature","properties":{"line":"suin-bundang","ref":"수인·분당","name":"수인·분당선: 인천 → 오이도","color":"#F5A200"},"geometry":{"type":"LineString","coordinates":[[126.703173,37.40415],[126.703716,37.403971],[126.704172,37.403798],[126.704998,37.403461],[126.705804,37.403084],[126.709524,37.401278],[126.710215,37.400942],[126.710759,37.400678],[126.711761,37.400206],[126.712394,37.399955],[126.713001,37.399775],[126.713682,37.399633],[126.714185,37.399572],[126.714806,37.399536],[126.71561,37.39955],[126.716347,37.399617],[126.720034,37.400263]]}},{"type":"Feature","properties":{"line":"suin-bundang","ref":"수인·분당","name":"수인·분당선: 인천 → 오이도","color":"#F5A200"},"geometry":{"type":"LineString","coordinates":[[126.720034,37.400263],[126.721333,37.400489],[126.723562,37.400878],[126.724318,37.40101],[126.725094,37.401145]]}},{"type":"Feature","properties":{"line":"suin-bundang","ref":"수인·분당","name":"수인·분당선: 인천 → 오이도","color":"#F5A200"},"geometry":{"type":"LineString","coordinates":[[126.725094,37.401145],[126.725243,37.401167],[126.728172,37.401675],[126.728672,37.40175],[126.729197,37.401796],[126.729518,37.401808],[126.730126,37.401797],[126.730735,37.401758],[126.731341,37.401664],[126.732002,37.40151],[126.732565,37.401334],[126.733037,37.401156],[126.733364,37.401012],[126.733544,37.400924],[126.733939,37.400686],[126.734174,37.400538],[126.734426,37.400343],[126.734649,37.400169],[126.734943,37.399913],[126.736092,37.398746],[126.73703,37.397791],[126.737241,37.397564],[126.738386,37.396325],[126.739118,37.395546],[126.739894,37.394745],[126.740368,37.39426],[126.740578,37.394044]]}},{"type":"Feature","properties":{"line":"suin-bundang","ref":"수인·분당","name":"수인·분당선: 인천 → 오이도","color":"#F5A200"},"geometry":{"type":"LineString","coordinates":[[126.740578,37.394044],[126.741938,37.392633],[126.743066,37.391432],[126.743253,37.391234],[126.743949,37.390492]]}},{"type":"Feature","properties":{"line":"suin-bundang","ref":"수인·분당","name":"수인·분당선: 인천 → 오이도","color":"#F5A200"},"geometry":{"type":"LineString","coordinates":[[126.743949,37.390492],[126.744641,37.389743],[126.745536,37.388788],[126.745943,37.388325],[126.746145,37.388056],[126.746335,37.38779],[126.746543,37.387391]]}},{"type":"Feature","properties":{"line":"suin-bundang","ref":"수인·분당","name":"수인·분당선: 인천 → 오이도","color":"#F5A200"},"geometry":{"type":"LineString","coordinates":[[126.746543,37.387391],[126.746706,37.38695],[126.746864,37.386374],[126.747127,37.385191],[126.747313,37.384295],[126.747337,37.383851],[126.74732,37.383524],[126.747278,37.383252],[126.747257,37.383098],[126.747181,37.382791],[126.747093,37.382554],[126.746965,37.382284],[126.746825,37.38203],[126.746654,37.381737],[126.74639,37.38133],[126.744861,37.37927],[126.744156,37.37832],[126.743864,37.377927],[126.742026,37.375384],[126.741872,37.375158],[126.741674,37.37484],[126.7415,37.374522],[126.7414,37.374292],[126.741312,37.374074],[126.741188,37.37369],[126.741143,37.373525],[126.741086,37.373254],[126.741056,37.372937],[126.741041,37.372776],[126.74104,37.372518],[126.741072,37.372225],[126.741119,37.371738],[126.741286,37.36976],[126.741283,37.369437],[126.741272,37.369128],[126.74125,37.368857],[126.741225,37.368622],[126.741131,37.368195],[126.741078,37.367983],[126.741021,37.367806],[126.740929,37.367555],[126.740584,37.366736]]}},{"type":"Feature","properties":{"line":"suin-bundang","ref":"수인·분당","name":"수인·분당선: 인천 → 오이도","color":"#F5A200"},"geometry":{"type":"LineString","coordinates":[[126.740584,37.366736],[126.740313,37.366122],[126.740136,37.365711],[126.739951,37.365284],[126.739911,37.365178],[126.739799,37.364885]]}},{"type":"Feature","properties":{"line":"suin-bundang","ref":"수인·분당","name":"수인·분당선: 인천 → 오이도","color":"#F5A200"},"geometry":{"type":"LineString","coordinates":[[126.739799,37.364885],[126.739628,37.364486]]}},{"type":"Feature","properties":{"line":"suin-bundang","ref":"수인·분당","name":"수인·분당선: 인천 → 오이도","color":"#F5A200"},"geometry":{"type":"LineString","coordinates":[[126.739628,37.364486],[126.738164,37.361108]]}},{"type":"Feature","properties":{"line":"suin-bundang","ref":"수인·분당","name":"수인·분당선: 청량리 → 고색","color":"#F5A200"},"geometry":{"type":"LineString","coordinates":[[127.047325,37.580094],[127.047411,37.580207],[127.047697,37.580577],[127.047735,37.580625],[127.04792,37.58086]]}},{"type":"Feature","properties":{"line":"suin-bundang","ref":"수인·분당","name":"수인·분당선: 청량리 → 고색","color":"#F5A200"},"geometry":{"type":"LineString","coordinates":[[127.046987,37.579638],[127.047325,37.580094]]}},{"type":"Feature","properties":{"line":"suin-bundang","ref":"수인·분당","name":"수인·분당선: 청량리 → 고색","color":"#F5A200"},"geometry":{"type":"LineString","coordinates":[[127.044847,37.576363],[127.044898,37.576429],[127.04493,37.576474],[127.044938,37.576486],[127.044974,37.576537],[127.04505,37.576645],[127.045515,37.577476],[127.045566,37.577566],[127.045614,37.577651],[127.045638,37.577694],[127.046519,37.578914],[127.046756,37.579287],[127.046939,37.579568],[127.046975,37.579623],[127.046987,37.579638]]}},{"type":"Feature","properties":{"line":"suin-bundang","ref":"수인·분당","name":"수인·분당선: 청량리 → 고색","color":"#F5A200"},"geometry":{"type":"LineString","coordinates":[[127.044813,37.576319],[127.044847,37.576363]]}},{"type":"Feature","properties":{"line":"suin-bundang","ref":"수인·분당","name":"수인·분당선: 청량리 → 고색","color":"#F5A200"},"geometry":{"type":"LineString","coordinates":[[127.044473,37.575813],[127.044527,37.575893],[127.044675,37.576114],[127.044813,37.576319]]}},{"type":"Feature","properties":{"line":"suin-bundang","ref":"수인·분당","name":"수인·분당선: 청량리 → 고색","color":"#F5A200"},"geometry":{"type":"LineString","coordinates":[[127.042339,37.573012],[127.043259,37.574225],[127.044348,37.575649],[127.044473,37.575813]]}},{"type":"Feature","properties":{"line":"suin-bundang","ref":"수인·분당","name":"수인·분당선: 청량리 → 고색","color":"#F5A200"},"geometry":{"type":"LineString","coordinates":[[127.041938,37.572499],[127.042263,37.572915],[127.04227,37.572924],[127.042339,37.573012]]}},{"type":"Feature","properties":{"line":"suin-bundang","ref":"수인·분당","name":"수인·분당선: 청량리 → 고색","color":"#F5A200"},"geometry":{"type":"LineString","coordinates":[[127.041795,37.572313],[127.041938,37.572499]]}},{"type":"Feature","properties":{"line":"suin-bundang","ref":"수인·분당","name":"수인·분당선: 청량리 → 고색","color":"#F5A200"},"geometry":{"type":"LineString","coordinates":[[127.041054,37.571344],[127.04155,37.571995],[127.041726,37.572223],[127.041795,37.572313]]}},{"type":"Feature","properties":{"line":"suin-bundang","ref":"수인·분당","name":"수인·분당선: 청량리 → 고색","color":"#F5A200"},"geometry":{"type":"LineString","coordinates":[[127.039835,37.569762],[127.039998,37.569975],[127.04008,37.570082],[127.040333,37.570414],[127.040841,37.571056],[127.041054,37.571344]]}},{"type":"Feature","properties":{"line":"suin-bundang","ref":"수인·분당","name":"수인·분당선: 청량리 → 고색","color":"#F5A200"},"geometry":{"type":"LineString","coordinates":[[127.039749,37.569651],[127.039801,37.569717],[127.039835,37.569762]]}},{"type":"Feature","properties":{"line":"suin-bundang","ref":"수인·분당","name":"수인·분당선: 청량리 → 고색","color":"#F5A200"},"geometry":{"type":"LineString","coordinates":[[127.039213,37.56896],[127.039749,37.569651]]}},{"type":"Feature","properties":{"line":"suin-bundang","ref":"수인·분당","name":"수인·분당선: 청량리 → 고색","color":"#F5A200"},"geometry":{"type":"LineString","coordinates":[[127.037634,37.566105],[127.037636,37.566164],[127.037665,37.566367],[127.037731,37.56666],[127.037835,37.566972],[127.037929,37.567185],[127.038007,37.567327],[127.038099,37.567478],[127.038235,37.56768],[127.038399,37.567906],[127.038601,37.568171],[127.038685,37.568279],[127.039213,37.56896]]}},{"type":"Feature","properties":{"line":"suin-bundang","ref":"수인·분당","name":"수인·분당선: 청량리 → 고색","color":"#F5A200"},"geometry":{"type":"LineString","coordinates":[[127.037625,37.565751],[127.037634,37.566105]]}},{"type":"Feature","properties":{"line":"suin-bundang","ref":"수인·분당","name":"수인·분당선: 청량리 → 고색","color":"#F5A200"},"geometry":{"type":"LineString","coordinates":[[127.037637,37.565575],[127.037632,37.565647],[127.037625,37.565751]]}},{"type":"Feature","properties":{"line":"suin-bundang","ref":"수인·분당","name":"수인·분당선: 청량리 → 고색","color":"#F5A200"},"geometry":{"type":"LineString","coordinates":[[127.037838,37.564442],[127.037688,37.565235],[127.037637,37.565575]]}},{"type":"Feature","properties":{"line":"suin-bundang","ref":"수인·분당","name":"수인·분당선: 청량리 → 고색","color":"#F5A200"},"geometry":{"type":"LineString","coordinates":[[127.037838,37.564442],[127.038124,37.563563]]}},{"type":"Feature","properties":{"line":"suin-bundang","ref":"수인·분당","name":"수인·분당선: 청량리 → 고색","color":"#F5A200"},"geometry":{"type":"LineString","coordinates":[[127.037816,37.564931],[127.037893,37.564559]]}},{"type":"Feature","properties":{"line":"suin-bundang","ref":"수인·분당","name":"수인·분당선: 청량리 → 고색","color":"#F5A200"},"geometry":{"type":"LineString","coordinates":[[127.037893,37.564559],[127.038069,37.564002]]}},{"type":"Feature","properties":{"line":"suin-bundang","ref":"수인·분당","name":"수인·분당선: 청량리 → 고색","color":"#F5A200"},"geometry":{"type":"LineString","coordinates":[[127.038094,37.563893],[127.038069,37.564002]]}},{"type":"Feature","properties":{"line":"suin-bundang","ref":"수인·분당","name":"수인·분당선: 청량리 → 고색","color":"#F5A200"},"geometry":{"type":"LineString","coordinates":[[127.038094,37.563893],[127.038179,37.563634],[127.038241,37.563442]]}},{"type":"Feature","properties":{"line":"suin-bundang","ref":"수인·분당","name":"수인·분당선: 청량리 → 고색","color":"#F5A200"},"geometry":{"type":"LineString","coordinates":[[127.038241,37.563442],[127.038257,37.563392],[127.038277,37.563328]]}},{"type":"Feature","properties":{"line":"suin-bundang","ref":"수인·분당","name":"수인·분당선: 청량리 → 고색","color":"#F5A200"},"geometry":{"type":"LineString","coordinates":[[127.038277,37.563328],[127.038486,37.562767]]}},{"type":"Feature","properties":{"line":"suin-bundang","ref":"수인·분당","name":"수인·분당선: 청량리 → 고색","color":"#F5A200"},"geometry":{"type":"LineString","coordinates":[[127.038486,37.562767],[127.038515,37.562656],[127.038535,37.56258],[127.038662,37.56199]]}},{"type":"Feature","properties":{"line":"suin-bundang","ref":"수인·분당","name":"수인·분당선: 청량리 → 고색","color":"#F5A200"},"geometry":{"type":"LineString","coordinates":[[127.038662,37.56199],[127.038736,37.561613],[127.038907,37.560753]]}},{"type":"Feature","properties":{"line":"suin-bundang","ref":"수인·분당","name":"수인·분당선: 고색 → 청량리","color":"#F5A200"},"geometry":{"type":"LineString","coordinates":[[127.038515,37.561963],[127.038425,37.562389],[127.038357,37.562741]]}},{"type":"Feature","properties":{"line":"suin-bundang","ref":"수인·분당","name":"수인·분당선: 고색 → 청량리","color":"#F5A200"},"geometry":{"type":"LineString","coordinates":[[127.038357,37.562741],[127.03834,37.562817],[127.038218,37.563331]]}},{"type":"Feature","properties":{"line":"suin-bundang","ref":"수인·분당","name":"수인·분당선: 고색 → 청량리","color":"#F5A200"},"geometry":{"type":"LineString","coordinates":[[127.038218,37.563331],[127.038094,37.563893]]}},{"type":"Feature","properties":{"line":"suin-bundang","ref":"수인·분당","name":"수인·분당선: 왕십리 → 인천","color":"#F5A200"},"geometry":{"type":"LineString","coordinates":[[126.983167,37.250609],[126.982342,37.250338],[126.98135,37.249988],[126.979687,37.249429],[126.97963,37.24941],[126.978564,37.249042],[126.977436,37.248649]]}},{"type":"Feature","properties":{"line":"suin-bundang","ref":"수인·분당","name":"수인·분당선: 왕십리 → 인천","color":"#F5A200"},"geometry":{"type":"LineString","coordinates":[[126.977436,37.248649],[126.976992,37.248503],[126.976647,37.248372]]}},{"type":"Feature","properties":{"line":"suin-bundang","ref":"수인·분당","name":"수인·분당선: 왕십리 → 인천","color":"#F5A200"},"geometry":{"type":"LineString","coordinates":[[126.976647,37.248372],[126.975942,37.24814],[126.97366,37.247358],[126.973204,37.247203],[126.969975,37.246112],[126.967978,37.245384],[126.966707,37.244861],[126.96545,37.244223],[126.964933,37.243951],[126.964625,37.243799],[126.964459,37.24371],[126.963483,37.243103],[126.962937,37.242789],[126.962549,37.242577],[126.961477,37.242134],[126.960606,37.241874],[126.959638,37.241619],[126.956511,37.241025],[126.955772,37.240904],[126.953894,37.240782],[126.953688,37.240789],[126.953135,37.240808],[126.952449,37.240874],[126.950661,37.241248]]}},{"type":"Feature","properties":{"line":"suin-bundang","ref":"수인·분당","name":"수인·분당선: 왕십리 → 인천","color":"#F5A200"},"geometry":{"type":"LineString","coordinates":[[126.950661,37.241248],[126.949944,37.241434],[126.949237,37.241617],[126.946996,37.242197],[126.946971,37.242203],[126.946505,37.242324]]}},{"type":"Feature","properties":{"line":"suin-bundang","ref":"수인·분당","name":"수인·분당선: 왕십리 → 인천","color":"#F5A200"},"geometry":{"type":"LineString","coordinates":[[126.946505,37.242324],[126.946059,37.242439],[126.943263,37.243176]]}},{"type":"Feature","properties":{"line":"suin-bundang","ref":"수인·분당","name":"수인·분당선: 왕십리 → 인천","color":"#F5A200"},"geometry":{"type":"LineString","coordinates":[[126.943263,37.243176],[126.943108,37.243217]]}},{"type":"Feature","properties":{"line":"suin-bundang","ref":"수인·분당","name":"수인·분당선: 왕십리 → 인천","color":"#F5A200"},"geometry":{"type":"LineString","coordinates":[[126.943108,37.243217],[126.943006,37.243243],[126.942508,37.243375],[126.941598,37.243615],[126.939884,37.24407],[126.9397,37.244109],[126.939686,37.244112],[126.939441,37.244164]]}},{"type":"Feature","properties":{"line":"suin-bundang","ref":"수인·분당","name":"수인·분당선: 왕십리 → 인천","color":"#F5A200"},"geometry":{"type":"LineString","coordinates":[[126.939441,37.244164],[126.938527,37.244355],[126.938045,37.244444],[126.9376,37.244528],[126.936608,37.244673],[126.93632,37.244714]]}},{"type":"Feature","properties":{"line":"suin-bundang","ref":"수인·분당","name":"수인·분당선: 왕십리 → 인천","color":"#F5A200"},"geometry":{"type":"LineString","coordinates":[[126.93632,37.244714],[126.936143,37.244738]]}},{"type":"Feature","properties":{"line":"suin-bundang","ref":"수인·분당","name":"수인·분당선: 왕십리 → 인천","color":"#F5A200"},"geometry":{"type":"LineString","coordinates":[[126.936143,37.244738],[126.935914,37.24477],[126.935565,37.244819],[126.932952,37.245187],[126.932028,37.245317],[126.931055,37.24547],[126.930697,37.245526]]}},{"type":"Feature","properties":{"line":"suin-bundang","ref":"수인·분당","name":"수인·분당선: 왕십리 → 인천","color":"#F5A200"},"geometry":{"type":"LineString","coordinates":[[126.930697,37.245526],[126.93064,37.245535],[126.930548,37.24555]]}},{"type":"Feature","properties":{"line":"suin-bundang","ref":"수인·분당","name":"수인·분당선: 왕십리 → 인천","color":"#F5A200"},"geometry":{"type":"LineString","coordinates":[[126.930548,37.24555],[126.930541,37.245551],[126.930404,37.245571],[126.928095,37.24591],[126.927419,37.246009]]}},{"type":"Feature","properties":{"line":"suin-bundang","ref":"수인·분당","name":"수인·분당선: 왕십리 → 인천","color":"#F5A200"},"geometry":{"type":"LineString","coordinates":[[126.927419,37.246009],[126.9273,37.246027],[126.927176,37.246046]]}},{"type":"Feature","properties":{"line":"suin-bundang","ref":"수인·분당","name":"수인·분당선: 왕십리 → 인천","color":"#F5A200"},"geometry":{"type":"LineString","coordinates":[[126.927176,37.246046],[126.927041,37.246066],[126.924978,37.246367]]}},{"type":"Feature","properties":{"line":"suin-bundang","ref":"수인·분당","name":"수인·분당선: 왕십리 → 인천","color":"#F5A200"},"geometry":{"type":"LineString","coordinates":[[126.924978,37.246367],[126.924267,37.24647]]}},{"type":"Feature","properties":{"line":"suin-bundang","ref":"수인·분당","name":"수인·분당선: 왕십리 → 인천","color":"#F5A200"},"geometry":{"type":"LineString","coordinates":[[126.924267,37.24647],[126.924101,37.246494],[126.924023,37.246506],[126.922682,37.246694]]}},{"type":"Feature","properties":{"line":"suin-bundang","ref":"수인·분당","name":"수인·분당선: 왕십리 → 인천","color":"#F5A200"},"geometry":{"type":"LineString","coordinates":[[126.922682,37.246694],[126.922284,37.24675],[126.919704,37.247113],[126.915902,37.247699],[126.91529,37.247838],[126.914629,37.248027],[126.91377,37.248336]]}},{"type":"Feature","properties":{"line":"suin-bundang","ref":"수인·분당","name":"수인·분당선: 왕십리 → 인천","color":"#F5A200"},"geometry":{"type":"LineString","coordinates":[[126.91377,37.248336],[126.913147,37.248567],[126.909887,37.249744],[126.909796,37.249777],[126.908182,37.250375],[126.908086,37.250408],[126.90773,37.250538],[126.906442,37.251009],[126.905914,37.251196]]}},{"type":"Feature","properties":{"line":"suin-bundang","ref":"수인·분당","name":"수인·분당선: 왕십리 → 인천","color":"#F5A200"},"geometry":{"type":"LineString","coordinates":[[126.905914,37.251196],[126.903009,37.252225],[126.898248,37.253924],[126.894971,37.255135],[126.894855,37.255177],[126.894805,37.255197]]}},{"type":"Feature","properties":{"line":"suin-bundang","ref":"수인·분당","name":"수인·분당선: 왕십리 → 인천","color":"#F5A200"},"geometry":{"type":"LineString","coordinates":[[126.894805,37.255197],[126.894749,37.255218],[126.894655,37.255254]]}},{"type":"Feature","properties":{"line":"suin-bundang","ref":"수인·분당","name":"수인·분당선: 왕십리 → 인천","color":"#F5A200"},"geometry":{"type":"LineString","coordinates":[[126.894655,37.255254],[126.891582,37.256433],[126.890885,37.256766],[126.890227,37.257111],[126.889721,37.257416],[126.888673,37.258085],[126.888236,37.258375]]}},{"type":"Feature","properties":{"line":"suin-bundang","ref":"수인·분당","name":"수인·분당선: 왕십리 → 인천","color":"#F5A200"},"geometry":{"type":"LineString","coordinates":[[126.888236,37.258375],[126.888133,37.258438]]}},{"type":"Feature","properties":{"line":"suin-bundang","ref":"수인·분당","name":"수인·분당선: 왕십리 → 인천","color":"#F5A200"},"geometry":{"type":"LineString","coordinates":[[126.888133,37.258438],[126.888,37.258528],[126.886382,37.259618],[126.886333,37.259651],[126.88617,37.259761],[126.885339,37.260316],[126.884793,37.26068],[126.883363,37.261631],[126.882422,37.262262],[126.882004,37.262525]]}},{"type":"Feature","properties":{"line":"suin-bundang","ref":"수인·분당","name":"수인·분당선: 왕십리 → 인천","color":"#F5A200"},"geometry":{"type":"LineString","coordinates":[[126.882004,37.262525],[126.881959,37.262554],[126.881845,37.262626],[126.881742,37.262691],[126.881501,37.262844],[126.880657,37.26341]]}},{"type":"Feature","properties":{"line":"suin-bundang","ref":"수인·분당","name":"수인·분당선: 왕십리 → 인천","color":"#F5A200"},"geometry":{"type":"LineString","coordinates":[[126.880657,37.26341],[126.880484,37.263527]]}},{"type":"Feature","properties":{"line":"suin-bundang","ref":"수인·분당","name":"수인·분당선: 왕십리 → 인천","color":"#F5A200"},"geometry":{"type":"LineString","coordinates":[[126.880484,37.263527],[126.880212,37.263708],[126.879779,37.263999],[126.879589,37.264126],[126.878291,37.264943]]}},{"type":"Feature","properties":{"line":"suin-bundang","ref":"수인·분당","name":"수인·분당선: 왕십리 → 인천","color":"#F5A200"},"geometry":{"type":"LineString","coordinates":[[126.878291,37.264943],[126.877456,37.26546],[126.876696,37.265818],[126.875507,37.266275],[126.87438,37.266595],[126.873072,37.26687],[126.872162,37.267081],[126.868887,37.267781],[126.866722,37.268238],[126.866025,37.268377],[126.865156,37.268618],[126.865058,37.268651],[126.8644,37.268872],[126.863418,37.269359],[126.863031,37.26958],[126.862766,37.269754],[126.862459,37.269977],[126.861943,37.270386],[126.86164,37.270643]]}},{"type":"Feature","properties":{"line":"suin-bundang","ref":"수인·분당","name":"수인·분당선: 왕십리 → 인천","color":"#F5A200"},"geometry":{"type":"LineString","coordinates":[[126.86164,37.270643],[126.861278,37.271017],[126.86098,37.271351],[126.860271,37.272194],[126.860111,37.272384]]}},{"type":"Feature","properties":{"line":"suin-bundang","ref":"수인·분당","name":"수인·분당선: 왕십리 → 인천","color":"#F5A200"},"geometry":{"type":"LineString","coordinates":[[126.860111,37.272384],[126.858994,37.27375]]}},{"type":"Feature","properties":{"line":"suin-bundang","ref":"수인·분당","name":"수인·분당선: 왕십리 → 인천","color":"#F5A200"},"geometry":{"type":"LineString","coordinates":[[126.858994,37.27375],[126.858431,37.274439]]}},{"type":"Feature","properties":{"line":"suin-bundang","ref":"수인·분당","name":"수인·분당선: 왕십리 → 인천","color":"#F5A200"},"geometry":{"type":"LineString","coordinates":[[126.858431,37.274439],[126.858318,37.274577]]}},{"type":"Feature","properties":{"line":"suin-bundang","ref":"수인·분당","name":"수인·분당선: 왕십리 → 인천","color":"#F5A200"},"geometry":{"type":"LineString","coordinates":[[126.858318,37.274577],[126.858101,37.274844],[126.858062,37.274891],[126.857232,37.275879],[126.856991,37.276167],[126.856953,37.276214]]}},{"type":"Feature","properties":{"line":"suin-bundang","ref":"수인·분당","name":"수인·분당선: 왕십리 → 인천","color":"#F5A200"},"geometry":{"type":"LineString","coordinates":[[126.856953,37.276214],[126.856918,37.276258],[126.856883,37.276301]]}},{"type":"Feature","properties":{"line":"suin-bundang","ref":"수인·분당","name":"수인·분당선: 왕십리 → 인천","color":"#F5A200"},"geometry":{"type":"LineString","coordinates":[[126.856883,37.276301],[126.856321,37.276999],[126.855721,37.277893],[126.855667,37.277977],[126.855623,37.278042]]}},{"type":"Feature","properties":{"line":"suin-bundang","ref":"수인·분당","name":"수인·분당선: 왕십리 → 인천","color":"#F5A200"},"geometry":{"type":"LineString","coordinates":[[126.855623,37.278042],[126.855599,37.278081],[126.855579,37.278113],[126.855541,37.278176]]}},{"type":"Feature","properties":{"line":"suin-bundang","ref":"수인·분당","name":"수인·분당선: 왕십리 → 인천","color":"#F5A200"},"geometry":{"type":"LineString","coordinates":[[126.855541,37.278176],[126.855514,37.278234],[126.855267,37.278756],[126.855075,37.279233],[126.855043,37.279332],[126.855004,37.279476]]}},{"type":"Feature","properties":{"line":"suin-bundang","ref":"수인·분당","name":"수인·분당선: 왕십리 → 인천","color":"#F5A200"},"geometry":{"type":"LineString","coordinates":[[126.855004,37.279476],[126.854965,37.27962]]}},{"type":"Feature","properties":{"line":"suin-bundang","ref":"수인·분당","name":"수인·분당선: 왕십리 → 인천","color":"#F5A200"},"geometry":{"type":"LineString","coordinates":[[126.854965,37.27962],[126.854928,37.279757],[126.854903,37.279849]]}},{"type":"Feature","properties":{"line":"suin-bundang","ref":"수인·분당","name":"수인·분당선: 왕십리 → 인천","color":"#F5A200"},"geometry":{"type":"LineString","coordinates":[[126.854903,37.279849],[126.854761,37.280506],[126.854693,37.280935],[126.854648,37.281284],[126.854626,37.281489],[126.854644,37.28179],[126.854693,37.282089],[126.854777,37.282596],[126.854937,37.283467],[126.855182,37.284224],[126.855742,37.286234],[126.855933,37.286835],[126.856247,37.287822],[126.856467,37.288461],[126.856514,37.288598]]}},{"type":"Feature","properties":{"line":"suin-bundang","ref":"수인·분당","name":"수인·분당선: 왕십리 → 인천","color":"#F5A200"},"geometry":{"type":"LineString","coordinates":[[126.856514,37.288598],[126.856678,37.289118],[126.856966,37.290179],[126.85712,37.290686],[126.857372,37.291538],[126.857402,37.291638],[126.857643,37.292438],[126.857731,37.292729]]}},{"type":"Feature","properties":{"line":"suin-bundang","ref":"수인·분당","name":"수인·분당선: 왕십리 → 인천","color":"#F5A200"},"geometry":{"type":"LineString","coordinates":[[126.857731,37.292729],[126.857902,37.293325],[126.858392,37.295277],[126.858716,37.296558],[126.858775,37.296865],[126.858811,37.297158],[126.858823,37.297321],[126.858865,37.298646],[126.85888,37.299127],[126.858936,37.300245],[126.858992,37.301626],[126.859026,37.302134]]}},{"type":"Feature","properties":{"line":"suin-bundang","ref":"수인·분당","name":"수인·분당선: 왕십리 → 인천","color":"#F5A200"},"geometry":{"type":"LineString","coordinates":[[126.859026,37.302134],[126.859043,37.302464],[126.859036,37.302636],[126.859002,37.302969],[126.858954,37.303273],[126.85888,37.303532],[126.858785,37.303814],[126.858652,37.304154],[126.85853,37.304375],[126.858455,37.304503],[126.858291,37.304727],[126.858076,37.305003],[126.857913,37.305174],[126.857757,37.305328],[126.857343,37.305764],[126.857236,37.305888]]}},{"type":"Feature","properties":{"line":"suin-bundang","ref":"수인·분당","name":"수인·분당선: 왕십리 → 인천","color":"#F5A200"},"geometry":{"type":"LineString","coordinates":[[126.857236,37.305888],[126.856995,37.306129],[126.856789,37.306337],[126.856326,37.306801],[126.855991,37.307157],[126.855396,37.307731],[126.855015,37.30814],[126.854411,37.308732],[126.853753,37.309392],[126.852777,37.310383],[126.85271,37.31045],[126.852294,37.310878],[126.852053,37.311125],[126.851937,37.311244],[126.851786,37.311401],[126.851706,37.311492],[126.851546,37.311696],[126.851337,37.311949],[126.851008,37.312361]]}},{"type":"Feature","properties":{"line":"suin-bundang","ref":"수인·분당","name":"수인·분당선: 왕십리 → 인천","color":"#F5A200"},"geometry":{"type":"LineString","coordinates":[[126.849799,37.313564],[126.849877,37.313487],[126.850854,37.312505],[126.851008,37.312361]]}},{"type":"Feature","properties":{"line":"suin-bundang","ref":"수인·분당","name":"수인·분당선: 왕십리 → 인천","color":"#F5A200"},"geometry":{"type":"LineString","coordinates":[[126.849554,37.313778],[126.849799,37.313564]]}},{"type":"Feature","properties":{"line":"suin-bundang","ref":"수인·분당","name":"수인·분당선: 왕십리 → 인천","color":"#F5A200"},"geometry":{"type":"LineString","coordinates":[[126.847752,37.314976],[126.848157,37.314773],[126.848531,37.314551],[126.84895,37.314283],[126.849271,37.314034],[126.849444,37.313878],[126.849554,37.313778]]}},{"type":"Feature","properties":{"line":"suin-bundang","ref":"수인·분당","name":"수인·분당선: 왕십리 → 인천","color":"#F5A200"},"geometry":{"type":"LineString","coordinates":[[126.847668,37.315009],[126.847752,37.314976]]}},{"type":"Feature","properties":{"line":"suin-bundang","ref":"수인·분당","name":"수인·분당선: 왕십리 → 인천","color":"#F5A200"},"geometry":{"type":"LineString","coordinates":[[126.845297,37.315632],[126.845764,37.315557],[126.846262,37.315459],[126.84677,37.315324],[126.847228,37.31518],[126.847668,37.315009]]}},{"type":"Feature","properties":{"line":"suin-bundang","ref":"수인·분당","name":"수인·분당선: 왕십리 → 인천","color":"#F5A200"},"geometry":{"type":"LineString","coordinates":[[126.844799,37.315679],[126.845297,37.315632]]}},{"type":"Feature","properties":{"line":"suin-bundang","ref":"수인·분당","name":"수인·분당선: 왕십리 → 인천","color":"#F5A200"},"geometry":{"type":"LineString","coordinates":[[126.844799,37.315679],[126.841277,37.315867],[126.837465,37.316063],[126.835703,37.316164],[126.822093,37.316901],[126.821876,37.316909]]}},{"type":"Feature","properties":{"line":"suin-bundang","ref":"수인·분당","name":"수인·분당선: 왕십리 → 인천","color":"#F5A200"},"geometry":{"type":"LineString","coordinates":[[126.821876,37.316909],[126.821459,37.316937],[126.820467,37.317002]]}},{"type":"Feature","properties":{"line":"suin-bundang","ref":"수인·분당","name":"수인·분당선: 왕십리 → 인천","color":"#F5A200"},"geometry":{"type":"LineString","coordinates":[[126.820467,37.317002],[126.815362,37.317249],[126.814801,37.317292],[126.814182,37.317371],[126.813576,37.317482],[126.812912,37.317638],[126.812391,37.317807],[126.811615,37.318079],[126.804902,37.321162],[126.804618,37.321291]]}},{"type":"Feature","properties":{"line":"suin-bundang","ref":"수인·분당","name":"수인·분당선: 왕십리 → 인천","color":"#F5A200"},"geometry":{"type":"LineString","coordinates":[[126.804618,37.321291],[126.80244,37.3223],[126.801905,37.322531],[126.801234,37.322782],[126.800552,37.323009],[126.800543,37.323011]]}},{"type":"Feature","properties":{"line":"suin-bundang","ref":"수인·분당","name":"수인·분당선: 왕십리 → 인천","color":"#F5A200"},"geometry":{"type":"LineString","coordinates":[[126.800543,37.323011],[126.80041,37.323042]]}},{"type":"Feature","properties":{"line":"suin-bundang","ref":"수인·분당","name":"수인·분당선: 왕십리 → 인천","color":"#F5A200"},"geometry":{"type":"LineString","coordinates":[[126.80041,37.323042],[126.80031,37.323065],[126.799755,37.323194],[126.799268,37.323284],[126.796656,37.323769],[126.795779,37.32398],[126.794655,37.324387],[126.793329,37.324983],[126.792889,37.325181]]}},{"type":"Feature","properties":{"line":"suin-bundang","ref":"수인·분당","name":"수인·분당선: 왕십리 → 인천","color":"#F5A200"},"geometry":{"type":"LineString","coordinates":[[126.792889,37.325181],[126.791935,37.32561]]}},{"type":"Feature","properties":{"line":"suin-bundang","ref":"수인·분당","name":"수인·분당선: 왕십리 → 인천","color":"#F5A200"},"geometry":{"type":"LineString","coordinates":[[126.791935,37.32561],[126.78796,37.327409],[126.787789,37.327486],[126.786155,37.328208]]}},{"type":"Feature","properties":{"line":"suin-bundang","ref":"수인·분당","name":"수인·분당선: 왕십리 → 인천","color":"#F5A200"},"geometry":{"type":"LineString","coordinates":[[126.786155,37.328208],[126.785768,37.328388]]}},{"type":"Feature","properties":{"line":"suin-bundang","ref":"수인·분당","name":"수인·분당선: 왕십리 → 인천","color":"#F5A200"},"geometry":{"type":"LineString","coordinates":[[126.785768,37.328388],[126.785355,37.328579],[126.78491,37.328779],[126.781315,37.330392],[126.776598,37.33253],[126.771123,37.335436],[126.770326,37.335859],[126.768199,37.337028],[126.767596,37.33736]]}},{"type":"Feature","properties":{"line":"suin-bundang","ref":"수인·분당","name":"수인·분당선: 왕십리 → 인천","color":"#F5A200"},"geometry":{"type":"LineString","coordinates":[[126.767596,37.33736],[126.767018,37.337669]]}},{"type":"Feature","properties":{"line":"suin-bundang","ref":"수인·분당","name":"수인·분당선: 왕십리 → 인천","color":"#F5A200"},"geometry":{"type":"LineString","coordinates":[[126.767018,37.337669],[126.766187,37.338098]]}},{"type":"Feature","properties":{"line":"suin-bundang","ref":"수인·분당","name":"수인·분당선: 왕십리 → 인천","color":"#F5A200"},"geometry":{"type":"LineString","coordinates":[[126.766187,37.338098],[126.765545,37.338431],[126.765434,37.338489]]}},{"type":"Feature","properties":{"line":"suin-bundang","ref":"수인·분당","name":"수인·분당선: 왕십리 → 인천","color":"#F5A200"},"geometry":{"type":"LineString","coordinates":[[126.765434,37.338489],[126.765343,37.338536]]}},{"type":"Feature","properties":{"line":"suin-bundang","ref":"수인·분당","name":"수인·분당선: 왕십리 → 인천","color":"#F5A200"},"geometry":{"type":"LineString","coordinates":[[126.765343,37.338536],[126.764922,37.338754]]}},{"type":"Feature","properties":{"line":"suin-bundang","ref":"수인·분당","name":"수인·분당선: 왕십리 → 인천","color":"#F5A200"},"geometry":{"type":"LineString","coordinates":[[126.759327,37.342678],[126.759636,37.342252],[126.75981,37.342017],[126.76004,37.34175],[126.760261,37.341521],[126.760554,37.341245],[126.761152,37.340779],[126.761621,37.340492],[126.76185,37.340352],[126.762464,37.340023],[126.763417,37.339532],[126.763724,37.339373],[126.764147,37.339154],[126.764794,37.33882],[126.764922,37.338754]]}},{"type":"Feature","properties":{"line":"suin-bundang","ref":"수인·분당","name":"수인·분당선: 왕십리 → 인천","color":"#F5A200"},"geometry":{"type":"LineString","coordinates":[[126.759327,37.342678],[126.759253,37.342795],[126.759034,37.343139]]}},{"type":"Feature","properties":{"line":"suin-bundang","ref":"수인·분당","name":"수인·분당선: 왕십리 → 인천","color":"#F5A200"},"geometry":{"type":"LineString","coordinates":[[126.759034,37.343139],[126.758946,37.343273],[126.757388,37.345653],[126.75736,37.345697],[126.756941,37.346304],[126.7567,37.346621],[126.756594,37.346791]]}},{"type":"Feature","properties":{"line":"suin-bundang","ref":"수인·분당","name":"수인·분당선: 왕십리 → 인천","color":"#F5A200"},"geometry":{"type":"LineString","coordinates":[[126.756594,37.346791],[126.756455,37.346948],[126.756167,37.347234],[126.75589,37.347472],[126.755661,37.347658],[126.755477,37.347791],[126.755224,37.347943],[126.755051,37.348048],[126.754824,37.348177],[126.754509,37.348331],[126.754108,37.34851],[126.753761,37.348637],[126.75335,37.348771],[126.749701,37.349799],[126.747659,37.350425],[126.74199,37.352054],[126.741139,37.352299],[126.740493,37.352484],[126.740041,37.352622],[126.739589,37.352799],[126.739265,37.352945],[126.738977,37.35308],[126.738685,37.353264],[126.738375,37.353483],[126.738045,37.35375]]}},{"type":"Feature","properties":{"line":"suin-bundang","ref":"수인·분당","name":"수인·분당선: 왕십리 → 인천","color":"#F5A200"},"geometry":{"type":"LineString","coordinates":[[126.738045,37.35375],[126.73776,37.35403],[126.737516,37.3543],[126.737354,37.354507],[126.73725,37.354666],[126.737142,37.354826],[126.73703,37.355023],[126.736927,37.355227],[126.736838,37.355452],[126.736715,37.355817],[126.736649,37.356155],[126.736606,37.356395],[126.736593,37.356682],[126.736598,37.356885],[126.736609,37.357119],[126.736648,37.357421],[126.736694,37.357659],[126.736744,37.357848],[126.736848,37.358143],[126.737144,37.358896]]}},{"type":"Feature","properties":{"line":"suin-bundang","ref":"수인·분당","name":"수인·분당선: 왕십리 → 인천","color":"#F5A200"},"geometry":{"type":"LineString","coordinates":[[126.737144,37.358896],[126.737305,37.359261],[126.737446,37.359581]]}},{"type":"Feature","properties":{"line":"suin-bundang","ref":"수인·분당","name":"수인·분당선: 왕십리 → 인천","color":"#F5A200"},"geometry":{"type":"LineString","coordinates":[[126.737446,37.359581],[126.737846,37.360501],[126.738644,37.36235]]}},{"type":"Feature","properties":{"line":"suin-bundang","ref":"수인·분당","name":"수인·분당선: 인천 → 왕십리","color":"#F5A200"},"geometry":{"type":"LineString","coordinates":[[126.738164,37.361108],[126.73807,37.360896],[126.737487,37.359559]]}},{"type":"Feature","properties":{"line":"suin-bundang","ref":"수인·분당","name":"수인·분당선: 인천 → 왕십리","color":"#F5A200"},"geometry":{"type":"LineString","coordinates":[[126.737487,37.359559],[126.737206,37.358878]]}},{"type":"Feature","properties":{"line":"suin-bundang","ref":"수인·분당","name":"수인·분당선: 인천 → 왕십리","color":"#F5A200"},"geometry":{"type":"LineString","coordinates":[[126.737206,37.358878],[126.736887,37.358101],[126.736803,37.357844],[126.736745,37.357615],[126.736698,37.35742],[126.73667,37.357203],[126.736655,37.357034],[126.736642,37.356788],[126.736659,37.356489],[126.736682,37.356253],[126.736751,37.355898],[126.736835,37.355616],[126.73689,37.355474],[126.736948,37.355312],[126.737022,37.355147],[126.737166,37.354892],[126.737309,37.354654],[126.737402,37.354523],[126.737549,37.354331],[126.737743,37.35411],[126.737837,37.354009],[126.738084,37.353789]]}},{"type":"Feature","properties":{"line":"suin-bundang","ref":"수인·분당","name":"수인·분당선: 인천 → 왕십리","color":"#F5A200"},"geometry":{"type":"LineString","coordinates":[[126.738084,37.353789],[126.738237,37.353648],[126.738429,37.353492],[126.738581,37.353378],[126.738788,37.353238],[126.73896,37.353142],[126.739223,37.353018],[126.739561,37.352855],[126.739892,37.352718],[126.740217,37.352606],[126.741669,37.352177],[126.744013,37.351516],[126.74719,37.350592],[126.752452,37.349063],[126.753355,37.3488],[126.753778,37.348666],[126.754105,37.348546],[126.754389,37.348439],[126.754777,37.348259],[126.755121,37.348068],[126.755361,37.347921],[126.755677,37.347699],[126.755739,37.347651],[126.755934,37.347497],[126.75619,37.34728],[126.756453,37.347031],[126.756647,37.346824]]}},{"type":"Feature","properties":{"line":"suin-bundang","ref":"수인·분당","name":"수인·분당선: 인천 → 왕십리","color":"#F5A200"},"geometry":{"type":"LineString","coordinates":[[126.759088,37.343156],[126.758933,37.34339],[126.758923,37.343406],[126.757703,37.345261],[126.757514,37.345554],[126.757137,37.346137],[126.757018,37.346303],[126.75693,37.346418],[126.756766,37.346628],[126.756647,37.346824]]}},{"type":"Feature","properties":{"line":"suin-bundang","ref":"수인·분당","name":"수인·분당선: 인천 → 왕십리","color":"#F5A200"},"geometry":{"type":"LineString","coordinates":[[126.75938,37.342693],[126.759088,37.343156]]}},{"type":"Feature","properties":{"line":"suin-bundang","ref":"수인·분당","name":"수인·분당선: 인천 → 왕십리","color":"#F5A200"},"geometry":{"type":"LineString","coordinates":[[126.75938,37.342693],[126.759879,37.342019],[126.760321,37.341531],[126.760737,37.341156],[126.761303,37.340742],[126.761612,37.340561],[126.761947,37.340358],[126.762475,37.340085],[126.763102,37.339761],[126.764098,37.339248],[126.765051,37.338756],[126.765245,37.338653],[126.76528,37.338634],[126.765408,37.338566]]}},{"type":"Feature","properties":{"line":"suin-bundang","ref":"수인·분당","name":"수인·분당선: 인천 → 왕십리","color":"#F5A200"},"geometry":{"type":"LineString","coordinates":[[126.765408,37.338566],[126.765498,37.338519]]}},{"type":"Feature","properties":{"line":"suin-bundang","ref":"수인·분당","name":"수인·분당선: 인천 → 왕십리","color":"#F5A200"},"geometry":{"type":"LineString","coordinates":[[126.765498,37.338519],[126.765621,37.338453],[126.767038,37.337698]]}},{"type":"Feature","properties":{"line":"suin-bundang","ref":"수인·분당","name":"수인·분당선: 인천 → 왕십리","color":"#F5A200"},"geometry":{"type":"LineString","coordinates":[[126.767038,37.337698],[126.767619,37.337389]]}},{"type":"Feature","properties":{"line":"suin-bundang","ref":"수인·분당","name":"수인·분당선: 인천 → 왕십리","color":"#F5A200"},"geometry":{"type":"LineString","coordinates":[[126.767619,37.337389],[126.768075,37.337141]]}},{"type":"Feature","properties":{"line":"suin-bundang","ref":"수인·분당","name":"수인·분당선: 인천 → 왕십리","color":"#F5A200"},"geometry":{"type":"LineString","coordinates":[[126.768075,37.337141],[126.770575,37.335783],[126.770722,37.335704],[126.776857,37.332439],[126.781332,37.330424],[126.785805,37.32841]]}},{"type":"Feature","properties":{"line":"suin-bundang","ref":"수인·분당","name":"수인·분당선: 인천 → 왕십리","color":"#F5A200"},"geometry":{"type":"LineString","coordinates":[[126.785805,37.32841],[126.786264,37.328204]]}},{"type":"Feature","properties":{"line":"suin-bundang","ref":"수인·분당","name":"수인·분당선: 인천 → 왕십리","color":"#F5A200"},"geometry":{"type":"LineString","coordinates":[[126.786264,37.328204],[126.786866,37.327933],[126.788858,37.327033],[126.78982,37.326603],[126.792008,37.325624]]}},{"type":"Feature","properties":{"line":"suin-bundang","ref":"수인·분당","name":"수인·분당선: 인천 → 왕십리","color":"#F5A200"},"geometry":{"type":"LineString","coordinates":[[126.792008,37.325624],[126.792632,37.32534],[126.79364,37.324889],[126.794677,37.324425],[126.795805,37.32402],[126.796664,37.323807],[126.799757,37.323232],[126.800431,37.323072]]}},{"type":"Feature","properties":{"line":"suin-bundang","ref":"수인·분당","name":"수인·분당선: 인천 → 왕십리","color":"#F5A200"},"geometry":{"type":"LineString","coordinates":[[126.800431,37.323072],[126.800564,37.32304]]}},{"type":"Feature","properties":{"line":"suin-bundang","ref":"수인·분당","name":"수인·분당선: 인천 → 왕십리","color":"#F5A200"},"geometry":{"type":"LineString","coordinates":[[126.800564,37.32304],[126.800804,37.322962],[126.801256,37.322816],[126.801943,37.322554],[126.804639,37.321314]]}},{"type":"Feature","properties":{"line":"suin-bundang","ref":"수인·분당","name":"수인·분당선: 인천 → 왕십리","color":"#F5A200"},"geometry":{"type":"LineString","coordinates":[[126.845306,37.315669],[126.844804,37.315715],[126.841137,37.315911],[126.839521,37.315992],[126.835697,37.316201],[126.82393,37.316829],[126.815359,37.317287],[126.814805,37.317327],[126.81419,37.317404],[126.813573,37.317517],[126.812916,37.317679],[126.812377,37.31785],[126.811633,37.318119],[126.806942,37.320258],[126.804639,37.321314]]}},{"type":"Feature","properties":{"line":"suin-bundang","ref":"수인·분당","name":"수인·분당선: 인천 → 왕십리","color":"#F5A200"},"geometry":{"type":"LineString","coordinates":[[126.845306,37.315669],[126.845775,37.315594],[126.846276,37.315495],[126.846786,37.315359],[126.847247,37.315215],[126.847689,37.315042]]}},{"type":"Feature","properties":{"line":"suin-bundang","ref":"수인·분당","name":"수인·분당선: 인천 → 왕십리","color":"#F5A200"},"geometry":{"type":"LineString","coordinates":[[126.847689,37.315042],[126.847774,37.315007]]}},{"type":"Feature","properties":{"line":"suin-bundang","ref":"수인·분당","name":"수인·분당선: 인천 → 왕십리","color":"#F5A200"},"geometry":{"type":"LineString","coordinates":[[126.847774,37.315007],[126.847927,37.314932],[126.848184,37.314805],[126.84856,37.314581],[126.848982,37.314312],[126.849232,37.314118],[126.849306,37.314061],[126.849591,37.313805]]}},{"type":"Feature","properties":{"line":"suin-bundang","ref":"수인·분당","name":"수인·분당선: 인천 → 왕십리","color":"#F5A200"},"geometry":{"type":"LineString","coordinates":[[126.849591,37.313805],[126.849712,37.313699],[126.849844,37.313583]]}},{"type":"Feature","properties":{"line":"suin-bundang","ref":"수인·분당","name":"수인·분당선: 인천 → 왕십리","color":"#F5A200"},"geometry":{"type":"LineString","coordinates":[[126.851041,37.312396],[126.850572,37.312857],[126.849844,37.313583]]}},{"type":"Feature","properties":{"line":"suin-bundang","ref":"수인·분당","name":"수인·분당선: 인천 → 왕십리","color":"#F5A200"},"geometry":{"type":"LineString","coordinates":[[126.851041,37.312396],[126.851229,37.312239],[126.851502,37.312004],[126.852007,37.311566],[126.852193,37.311366],[126.852354,37.311199],[126.852947,37.310608],[126.853691,37.309837],[126.853845,37.309687],[126.85401,37.309527],[126.854466,37.30907],[126.854532,37.309005],[126.854597,37.308937],[126.85478,37.308743],[126.855109,37.308411],[126.855405,37.308106],[126.855984,37.307527],[126.856703,37.306798],[126.857078,37.306403],[126.857662,37.305819],[126.857853,37.305605],[126.858148,37.305287],[126.858254,37.305169],[126.858318,37.305082],[126.858473,37.304871],[126.858591,37.30468],[126.858679,37.304542],[126.858726,37.304451],[126.858743,37.304418],[126.85882,37.304271],[126.8589,37.304066],[126.859,37.30376],[126.859098,37.303388],[126.859133,37.303174],[126.859167,37.302943],[126.85917,37.302728],[126.859169,37.30255],[126.859167,37.302232],[126.859167,37.302108]]}},{"type":"Feature","properties":{"line":"suin-bundang","ref":"수인·분당","name":"수인·분당선: 인천 → 왕십리","color":"#F5A200"},"geometry":{"type":"LineString","coordinates":[[126.859167,37.302108],[126.859145,37.301714],[126.858905,37.297335],[126.858898,37.297175],[126.858856,37.296865],[126.858795,37.296541],[126.858608,37.295857],[126.857788,37.292723]]}},{"type":"Feature","properties":{"line":"suin-bundang","ref":"수인·분당","name":"수인·분당선: 인천 → 왕십리","color":"#F5A200"},"geometry":{"type":"LineString","coordinates":[[126.857788,37.292723],[126.857443,37.29163],[126.857027,37.290197],[126.856998,37.290102],[126.856728,37.289128],[126.856563,37.288592]]}},{"type":"Feature","properties":{"line":"suin-bundang","ref":"수인·분당","name":"수인·분당선: 인천 → 왕십리","color":"#F5A200"},"geometry":{"type":"LineString","coordinates":[[126.856563,37.288592],[126.856033,37.286843],[126.856026,37.286822],[126.855298,37.284421],[126.855011,37.283477],[126.854972,37.283247],[126.854836,37.282458],[126.854743,37.281894],[126.854712,37.281647],[126.854695,37.28148],[126.854711,37.281359],[126.854747,37.281153],[126.854832,37.280525],[126.854931,37.280039],[126.85496,37.279892],[126.854968,37.279852]]}},{"type":"Feature","properties":{"line":"suin-bundang","ref":"수인·분당","name":"수인·분당선: 인천 → 왕십리","color":"#F5A200"},"geometry":{"type":"LineString","coordinates":[[126.854968,37.279852],[126.855009,37.279726],[126.855026,37.279671],[126.855041,37.279626]]}},{"type":"Feature","properties":{"line":"suin-bundang","ref":"수인·분당","name":"수인·분당선: 인천 → 왕십리","color":"#F5A200"},"geometry":{"type":"LineString","coordinates":[[126.855041,37.279626],[126.855078,37.279502]]}},{"type":"Feature","properties":{"line":"suin-bundang","ref":"수인·분당","name":"수인·분당선: 인천 → 왕십리","color":"#F5A200"},"geometry":{"type":"LineString","coordinates":[[126.855078,37.279502],[126.855114,37.279376],[126.855153,37.27926],[126.855157,37.279246],[126.855334,37.278811],[126.855552,37.278341],[126.855575,37.278293]]}},{"type":"Feature","properties":{"line":"suin-bundang","ref":"수인·분당","name":"수인·분당선: 인천 → 왕십리","color":"#F5A200"},"geometry":{"type":"LineString","coordinates":[[126.855575,37.278293],[126.85561,37.278224],[126.855646,37.278154]]}},{"type":"Feature","properties":{"line":"suin-bundang","ref":"수인·분당","name":"수인·분당선: 인천 → 왕십리","color":"#F5A200"},"geometry":{"type":"LineString","coordinates":[[126.855646,37.278154],[126.855671,37.278101],[126.855698,37.278055],[126.85573,37.278004],[126.855777,37.277927],[126.856431,37.276974],[126.856933,37.276356]]}},{"type":"Feature","properties":{"line":"suin-bundang","ref":"수인·분당","name":"수인·분당선: 인천 → 왕십리","color":"#F5A200"},"geometry":{"type":"LineString","coordinates":[[126.856933,37.276356],[126.857006,37.27626]]}},{"type":"Feature","properties":{"line":"suin-bundang","ref":"수인·분당","name":"수인·분당선: 인천 → 왕십리","color":"#F5A200"},"geometry":{"type":"LineString","coordinates":[[126.857006,37.27626],[126.857195,37.276028],[126.85836,37.274596]]}},{"type":"Feature","properties":{"line":"suin-bundang","ref":"수인·분당","name":"수인·분당선: 인천 → 왕십리","color":"#F5A200"},"geometry":{"type":"LineString","coordinates":[[126.85836,37.274596],[126.858461,37.274469]]}},{"type":"Feature","properties":{"line":"suin-bundang","ref":"수인·분당","name":"수인·분당선: 인천 → 왕십리","color":"#F5A200"},"geometry":{"type":"LineString","coordinates":[[126.858461,37.274469],[126.858584,37.274326],[126.858665,37.27423],[126.859044,37.273779]]}},{"type":"Feature","properties":{"line":"suin-bundang","ref":"수인·분당","name":"수인·분당선: 인천 → 왕십리","color":"#F5A200"},"geometry":{"type":"LineString","coordinates":[[126.859044,37.273779],[126.860158,37.272419]]}},{"type":"Feature","properties":{"line":"suin-bundang","ref":"수인·분당","name":"수인·분당선: 인천 → 왕십리","color":"#F5A200"},"geometry":{"type":"LineString","coordinates":[[126.860158,37.272419],[126.860344,37.272205],[126.860488,37.272041],[126.861022,37.271387],[126.861287,37.271081],[126.861686,37.270683]]}},{"type":"Feature","properties":{"line":"suin-bundang","ref":"수인·분당","name":"수인·분당선: 인천 → 왕십리","color":"#F5A200"},"geometry":{"type":"LineString","coordinates":[[126.861686,37.270683],[126.862196,37.270253],[126.862495,37.270025],[126.863073,37.269623],[126.863435,37.269402],[126.864421,37.268927],[126.865348,37.268601],[126.866071,37.268413],[126.867212,37.268172],[126.869851,37.267625],[126.873875,37.266772],[126.874492,37.266637],[126.875428,37.266377],[126.876531,37.265965],[126.877476,37.265514],[126.878317,37.264991]]}},{"type":"Feature","properties":{"line":"suin-bundang","ref":"수인·분당","name":"수인·분당선: 인천 → 왕십리","color":"#F5A200"},"geometry":{"type":"LineString","coordinates":[[126.878317,37.264991],[126.880531,37.263547]]}},{"type":"Feature","properties":{"line":"suin-bundang","ref":"수인·분당","name":"수인·분당선: 인천 → 왕십리","color":"#F5A200"},"geometry":{"type":"LineString","coordinates":[[126.880531,37.263547],[126.880611,37.263495],[126.880693,37.263441]]}},{"type":"Feature","properties":{"line":"suin-bundang","ref":"수인·분당","name":"수인·분당선: 인천 → 왕십리","color":"#F5A200"},"geometry":{"type":"LineString","coordinates":[[126.880693,37.263441],[126.881352,37.263011],[126.881389,37.262987],[126.881784,37.262729],[126.881906,37.262649],[126.882047,37.262557]]}},{"type":"Feature","properties":{"line":"suin-bundang","ref":"수인·분당","name":"수인·분당선: 인천 → 왕십리","color":"#F5A200"},"geometry":{"type":"LineString","coordinates":[[126.882047,37.262557],[126.883356,37.26168],[126.88477,37.26076],[126.884832,37.260719],[126.885959,37.259968],[126.886721,37.259455],[126.886822,37.259386],[126.886853,37.259366],[126.887696,37.258798],[126.888157,37.258487]]}},{"type":"Feature","properties":{"line":"suin-bundang","ref":"수인·분당","name":"수인·분당선: 인천 → 왕십리","color":"#F5A200"},"geometry":{"type":"LineString","coordinates":[[126.888157,37.258487],[126.888202,37.258458],[126.888227,37.258443],[126.888276,37.258412]]}},{"type":"Feature","properties":{"line":"suin-bundang","ref":"수인·분당","name":"수인·분당선: 인천 → 왕십리","color":"#F5A200"},"geometry":{"type":"LineString","coordinates":[[126.888276,37.258412],[126.888354,37.258358],[126.888559,37.258222],[126.888999,37.25793],[126.890103,37.257245],[126.890799,37.256866],[126.891594,37.256481],[126.894453,37.255386],[126.894677,37.255305]]}},{"type":"Feature","properties":{"line":"suin-bundang","ref":"수인·분당","name":"수인·분당선: 인천 → 왕십리","color":"#F5A200"},"geometry":{"type":"LineString","coordinates":[[126.894677,37.255305],[126.894744,37.25528],[126.894818,37.255253]]}},{"type":"Feature","properties":{"line":"suin-bundang","ref":"수인·분당","name":"수인·분당선: 인천 → 왕십리","color":"#F5A200"},"geometry":{"type":"LineString","coordinates":[[126.894818,37.255253],[126.894905,37.255221],[126.894908,37.25522],[126.89519,37.255117],[126.901214,37.252916],[126.902055,37.252609],[126.90303,37.252253],[126.905935,37.251212]]}},{"type":"Feature","properties":{"line":"suin-bundang","ref":"수인·분당","name":"수인·분당선: 인천 → 왕십리","color":"#F5A200"},"geometry":{"type":"LineString","coordinates":[[126.905935,37.251212],[126.907741,37.250565],[126.908182,37.250413],[126.909823,37.249815],[126.910301,37.249648],[126.910683,37.249511]]}},{"type":"Feature","properties":{"line":"suin-bundang","ref":"수인·분당","name":"수인·분당선: 인천 → 왕십리","color":"#F5A200"},"geometry":{"type":"LineString","coordinates":[[126.910683,37.249511],[126.913797,37.248374]]}},{"type":"Feature","properties":{"line":"suin-bundang","ref":"수인·분당","name":"수인·분당선: 인천 → 왕십리","color":"#F5A200"},"geometry":{"type":"LineString","coordinates":[[126.913797,37.248374],[126.91466,37.248058],[126.915312,37.247876],[126.915934,37.247734],[126.918338,37.24738],[126.921905,37.24685],[126.922708,37.246736]]}},{"type":"Feature","properties":{"line":"suin-bundang","ref":"수인·분당","name":"수인·분당선: 인천 → 왕십리","color":"#F5A200"},"geometry":{"type":"LineString","coordinates":[[126.922708,37.246736],[126.923209,37.246665],[126.923272,37.246656],[126.924279,37.246514]]}},{"type":"Feature","properties":{"line":"suin-bundang","ref":"수인·분당","name":"수인·분당선: 인천 → 왕십리","color":"#F5A200"},"geometry":{"type":"LineString","coordinates":[[126.924279,37.246514],[126.92473,37.24645],[126.92491,37.246425],[126.925031,37.246408]]}},{"type":"Feature","properties":{"line":"suin-bundang","ref":"수인·분당","name":"수인·분당선: 인천 → 왕십리","color":"#F5A200"},"geometry":{"type":"LineString","coordinates":[[126.925031,37.246408],[126.925459,37.246347],[126.925573,37.246331],[126.925635,37.246322],[126.926435,37.246209],[126.926903,37.246143],[126.927195,37.246102]]}},{"type":"Feature","properties":{"line":"suin-bundang","ref":"수인·분당","name":"수인·분당선: 인천 → 왕십리","color":"#F5A200"},"geometry":{"type":"LineString","coordinates":[[126.927195,37.246102],[126.927347,37.24608],[126.927499,37.246059]]}},{"type":"Feature","properties":{"line":"suin-bundang","ref":"수인·분당","name":"수인·분당선: 인천 → 왕십리","color":"#F5A200"},"geometry":{"type":"LineString","coordinates":[[126.927499,37.246059],[126.929988,37.245696],[126.930567,37.245611]]}},{"type":"Feature","properties":{"line":"suin-bundang","ref":"수인·분당","name":"수인·분당선: 인천 → 왕십리","color":"#F5A200"},"geometry":{"type":"LineString","coordinates":[[126.930567,37.245611],[126.930723,37.245589]]}},{"type":"Feature","properties":{"line":"suin-bundang","ref":"수인·분당","name":"수인·분당선: 인천 → 왕십리","color":"#F5A200"},"geometry":{"type":"LineString","coordinates":[[126.930723,37.245589],[126.930878,37.245566],[126.931453,37.245484],[126.936185,37.244789]]}},{"type":"Feature","properties":{"line":"suin-bundang","ref":"수인·분당","name":"수인·분당선: 인천 → 왕십리","color":"#F5A200"},"geometry":{"type":"LineString","coordinates":[[126.936185,37.244789],[126.936283,37.244773],[126.936353,37.244762]]}},{"type":"Feature","properties":{"line":"suin-bundang","ref":"수인·분당","name":"수인·분당선: 인천 → 왕십리","color":"#F5A200"},"geometry":{"type":"LineString","coordinates":[[126.936353,37.244762],[126.936737,37.244703],[126.937573,37.244575],[126.938067,37.244491],[126.939057,37.244298],[126.939349,37.244234],[126.939444,37.244213]]}},{"type":"Feature","properties":{"line":"suin-bundang","ref":"수인·분당","name":"수인·분당선: 인천 → 왕십리","color":"#F5A200"},"geometry":{"type":"LineString","coordinates":[[126.939444,37.244213],[126.939785,37.244138],[126.939899,37.244113],[126.941056,37.243815],[126.942984,37.24331],[126.943131,37.243271]]}},{"type":"Feature","properties":{"line":"suin-bundang","ref":"수인·분당","name":"수인·분당선: 인천 → 왕십리","color":"#F5A200"},"geometry":{"type":"LineString","coordinates":[[126.943131,37.243271],[126.943282,37.243231]]}},{"type":"Feature","properties":{"line":"suin-bundang","ref":"수인·분당","name":"수인·분당선: 인천 → 왕십리","color":"#F5A200"},"geometry":{"type":"LineString","coordinates":[[126.943282,37.243231],[126.945126,37.242739],[126.946523,37.242381]]}},{"type":"Feature","properties":{"line":"suin-bundang","ref":"수인·분당","name":"수인·분당선: 인천 → 왕십리","color":"#F5A200"},"geometry":{"type":"LineString","coordinates":[[126.946523,37.242381],[126.950663,37.241309]]}},{"type":"Feature","properties":{"line":"suin-bundang","ref":"수인·분당","name":"수인·분당선: 인천 → 왕십리","color":"#F5A200"},"geometry":{"type":"LineString","coordinates":[[126.950663,37.241309],[126.950874,37.241262],[126.952099,37.240999],[126.952337,37.240947],[126.953097,37.240878],[126.953718,37.240838],[126.953914,37.240843],[126.955684,37.240968],[126.959195,37.241581],[126.960428,37.241864],[126.961625,37.242245],[126.9625,37.242605],[126.963097,37.242931],[126.964543,37.243828],[126.964969,37.244057],[126.9654,37.244275],[126.965667,37.244414],[126.965957,37.244565],[126.966341,37.244764],[126.966913,37.245062],[126.96794,37.24547],[126.973199,37.247286],[126.975909,37.248222]]}},{"type":"Feature","properties":{"line":"suin-bundang","ref":"수인·분당","name":"수인·분당선: 인천 → 왕십리","color":"#F5A200"},"geometry":{"type":"LineString","coordinates":[[126.975909,37.248222],[126.976569,37.248443],[126.977397,37.248719],[126.981269,37.250005],[126.981531,37.2501],[126.983144,37.250659]]}},{"type":"Feature","properties":{"line":"suin-bundang","ref":"수인·분당","name":"수인·분당선: 인천 → 죽전","color":"#F5A200"},"geometry":{"type":"LineString","coordinates":[[127.107328,37.322306],[127.107298,37.322505],[127.107258,37.322661]]}},{"type":"Feature","properties":{"line":"suin-bundang","ref":"수인·분당","name":"수인·분당선: 인천 → 죽전","color":"#F5A200"},"geometry":{"type":"LineString","coordinates":[[127.107226,37.323145],[127.107226,37.323047],[127.10724,37.322885],[127.107249,37.322752],[127.107258,37.322661]]}},{"type":"Feature","properties":{"line":"suin-bundang","ref":"수인·분당","name":"수인·분당선: 인천 → 죽전","color":"#F5A200"},"geometry":{"type":"LineString","coordinates":[[127.107221,37.32348],[127.107226,37.323145]]}},{"type":"Feature","properties":{"line":"suin-bundang","ref":"수인·분당","name":"수인·분당선: 인천 → 죽전","color":"#F5A200"},"geometry":{"type":"LineString","coordinates":[[127.107264,37.32457],[127.107221,37.32348]]}},{"type":"Feature","properties":{"line":"suin-bundang","ref":"수인·분당","name":"수인·분당선: 인천 → 고색","color":"#F5A200"},"geometry":{"type":"LineString","coordinates":[[126.975909,37.248222],[126.976278,37.248292],[126.976647,37.248372]]}},{"type":"Feature","properties":{"line":"suin-bundang","ref":"수인·분당","name":"수인·분당선: 인천 → 고색","color":"#F5A200"},"geometry":{"type":"LineString","coordinates":[[126.977436,37.248649],[126.97933,37.249145],[126.979778,37.249308],[126.980488,37.249566]]}},{"type":"Feature","properties":{"line":"suin-bundang","ref":"수인·분당","name":"수인·분당선: 죽전 → 인천","color":"#F5A200"},"geometry":{"type":"LineString","coordinates":[[127.107532,37.323458],[127.107558,37.324388],[127.107563,37.324564]]}},{"type":"Feature","properties":{"line":"suin-bundang","ref":"수인·분당","name":"수인·분당선: 죽전 → 인천","color":"#F5A200"},"geometry":{"type":"LineString","coordinates":[[127.107504,37.323128],[127.107511,37.323211],[127.107523,37.323312],[127.107524,37.323318],[127.107532,37.323458]]}},{"type":"Feature","properties":{"line":"suin-bundang","ref":"수인·분당","name":"수인·분당선: 죽전 → 인천","color":"#F5A200"},"geometry":{"type":"LineString","coordinates":[[127.107435,37.322752],[127.107476,37.322976],[127.107504,37.323128]]}},{"type":"Feature","properties":{"line":"suin-bundang","ref":"수인·분당","name":"수인·분당선: 죽전 → 인천","color":"#F5A200"},"geometry":{"type":"LineString","coordinates":[[127.107398,37.322492],[127.107419,37.32265],[127.107435,37.322752]]}},{"type":"Feature","properties":{"line":"suin-bundang","ref":"수인·분당","name":"수인·분당선: 죽전 → 인천","color":"#F5A200"},"geometry":{"type":"LineString","coordinates":[[127.107398,37.322492],[127.107366,37.322311]]}}]}